"date","commune","case_true","case_lowCI","case_med","case_uppCI","pop","inc_true","inc_lowCI","inc_med","inc_uppCI","hist_year","season","month_lab"
2021-03-01,"AMBIABE",2558,2558,1854,2558,11319,225.991695379451,225.991695379451,225.991695379451,225.991695379451,3,"2020/2021","Mar"
2021-03-01,"AMBOHIMANGA DU SUD",2653,2653,1627,2653,22009,120.541596619565,120.541596619565,120.541596619565,120.541596619565,3,"2020/2021","Mar"
2021-03-01,"AMBOHIMIERA",2199,2199,2332,2199,16812,130.799428979301,130.799428979301,130.799428979301,130.799428979301,3,"2020/2021","Mar"
2021-03-01,"AMPASINAMBO",962,962,691,962,3744,256.944444444444,256.944444444444,256.944444444444,256.944444444444,3,"2020/2021","Mar"
2021-03-01,"ANALAMPASINA",2202,2202,910,2202,7306,301.396112784013,301.396112784013,301.396112784013,301.396112784013,3,"2020/2021","Mar"
2021-03-01,"ANDRORANGAVOLA",1367,1367,1443,1367,17380,78.6536248561565,78.6536248561565,78.6536248561565,78.6536248561565,3,"2020/2021","Mar"
2021-03-01,"ANTARETRA",2557,2557,2083,2557,11778,217.099677364578,217.099677364578,217.099677364578,217.099677364578,3,"2020/2021","Mar"
2021-03-01,"ANTSINDRA",NA,522,717,987,7639,NA,68.2882867810027,93.9002792260094,129.166564910589,3,"2020/2021","Mar"
2021-03-01,"FASINTSARA",2288,2288,1982,2288,13988,163.568773234201,163.568773234201,163.568773234201,163.568773234201,3,"2020/2021","Mar"
2021-03-01,"IFANADIANA",1989,1989,1957,1989,20547,96.802452912834,96.802452912834,96.802452912834,96.802452912834,3,"2020/2021","Mar"
2021-03-01,"KELILALINA",3431,3431,3039,3431,15019,228.443970970105,228.443970970105,228.443970970105,228.443970970105,3,"2020/2021","Mar"
2021-03-01,"MAROHARATRA",2473,2473,1675,2473,14263,173.385683236346,173.385683236346,173.385683236346,173.385683236346,3,"2020/2021","Mar"
2021-03-01,"MAROTOKO",1445,1445,1191,1445,8215,175.897748021911,175.897748021911,175.897748021911,175.897748021911,3,"2020/2021","Mar"
2021-03-01,"RANOMAFANA",1315,1315,1209,1315,15666,83.9397421166858,83.9397421166858,83.9397421166858,83.9397421166858,3,"2020/2021","Mar"
2021-03-01,"TSARATANANA",5440,5440,4570,5440,29429,184.851676917326,184.851676917326,184.851676917326,184.851676917326,3,"2020/2021","Mar"
2021-04-01,"AMBIABE",1446,1446,1429,1446,11345,127.457029528427,127.457029528427,127.457029528427,127.457029528427,3,"2020/2021","Apr"
2021-04-01,"AMBOHIMANGA DU SUD",2190,2190,1467,2190,22063,99.2612065448942,99.2612065448942,99.2612065448942,99.2612065448942,3,"2020/2021","Apr"
2021-04-01,"AMBOHIMIERA",1774,1774,2208,1774,16852,105.269404225018,105.269404225018,105.269404225018,105.269404225018,3,"2020/2021","Apr"
2021-04-01,"AMPASINAMBO",184,184,451,184,3753,49.0274447108979,49.0274447108979,49.0274447108979,49.0274447108979,3,"2020/2021","Apr"
2021-04-01,"ANALAMPASINA",1076,1076,750,1076,7323,146.934316536938,146.934316536938,146.934316536938,146.934316536938,3,"2020/2021","Apr"
2021-04-01,"ANDRORANGAVOLA",1234,1234,1205,1234,17423,70.8259197612351,70.8259197612351,70.8259197612351,70.8259197612351,3,"2020/2021","Apr"
2021-04-01,"ANTARETRA",2523,2523,1637,2523,11804,213.741104710268,213.741104710268,213.741104710268,213.741104710268,3,"2020/2021","Apr"
2021-04-01,"ANTSINDRA",1077,1077,992,1077,7659,140.618879749315,140.618879749315,140.618879749315,140.618879749315,3,"2020/2021","Apr"
2021-04-01,"FASINTSARA",1275,1275,1420,1275,14021,90.93502603238,90.93502603238,90.93502603238,90.93502603238,3,"2020/2021","Apr"
2021-04-01,"IFANADIANA",1179,1179,1339,1179,20594,57.2496843740895,57.2496843740895,57.2496843740895,57.2496843740895,3,"2020/2021","Apr"
2021-04-01,"KELILALINA",1287,1287,1697,1287,15055,85.4865493191631,85.4865493191631,85.4865493191631,85.4865493191631,3,"2020/2021","Apr"
2021-04-01,"MAROHARATRA",1812,1812,1590,1812,14298,126.731011330256,126.731011330256,126.731011330256,126.731011330256,3,"2020/2021","Apr"
2021-04-01,"MAROTOKO",1066,1066,974,1066,8233,129.478926272319,129.478926272319,129.478926272319,129.478926272319,3,"2020/2021","Apr"
2021-04-01,"RANOMAFANA",837,837,769,837,15704,53.2985226693836,53.2985226693836,53.2985226693836,53.2985226693836,3,"2020/2021","Apr"
2021-04-01,"TSARATANANA",2581,2581,3270,2581,29500,87.4915254237288,87.4915254237288,87.4915254237288,87.4915254237288,3,"2020/2021","Apr"
2021-05-01,"AMBIABE",713,713,985,713,11373,62.6923415105953,62.6923415105953,62.6923415105953,62.6923415105953,3,"2020/2021","May"
2021-05-01,"AMBOHIMANGA DU SUD",1738,1738,1303,1738,22115,78.5891928555279,78.5891928555279,78.5891928555279,78.5891928555279,3,"2020/2021","May"
2021-05-01,"AMBOHIMIERA",601,601,1491,601,16892,35.5789722945773,35.5789722945773,35.5789722945773,35.5789722945773,3,"2020/2021","May"
2021-05-01,"AMPASINAMBO",18,18,244,18,3762,4.78468899521531,4.78468899521531,4.78468899521531,4.78468899521531,3,"2020/2021","May"
2021-05-01,"ANALAMPASINA",504,504,567,504,7340,68.6648501362398,68.6648501362398,68.6648501362398,68.6648501362398,3,"2020/2021","May"
2021-05-01,"ANDRORANGAVOLA",837,837,960,837,17464,47.9271644525882,47.9271644525882,47.9271644525882,47.9271644525882,3,"2020/2021","May"
2021-05-01,"ANTARETRA",1024,1024,982,1024,11832,86.5449628127113,86.5449628127113,86.5449628127113,86.5449628127113,3,"2020/2021","May"
2021-05-01,"ANTSINDRA",1295,1295,839,1295,7676,168.707660239708,168.707660239708,168.707660239708,168.707660239708,3,"2020/2021","May"
2021-05-01,"FASINTSARA",1003,1003,1108,1003,14056,71.3574274331246,71.3574274331246,71.3574274331246,71.3574274331246,3,"2020/2021","May"
2021-05-01,"IFANADIANA",1111,1111,898,1111,20643,53.8196967495035,53.8196967495035,53.8196967495035,53.8196967495035,3,"2020/2021","May"
2021-05-01,"KELILALINA",809,809,908,809,15090,53.6116633532141,53.6116633532141,53.6116633532141,53.6116633532141,3,"2020/2021","May"
2021-05-01,"MAROHARATRA",1788,1788,1381,1788,14332,124.755791236394,124.755791236394,124.755791236394,124.755791236394,3,"2020/2021","May"
2021-05-01,"MAROTOKO",NA,570,801,1126,8254,NA,69.1015740110422,97.0317566738104,136.459289450952,3,"2020/2021","May"
2021-05-01,"RANOMAFANA",319,319,434,319,15739,20.2681237689815,20.2681237689815,20.2681237689815,20.2681237689815,3,"2020/2021","May"
2021-05-01,"TSARATANANA",1916,1916,2333,1916,29568,64.7997835497836,64.7997835497836,64.7997835497836,64.7997835497836,3,"2020/2021","May"
2021-06-01,"AMBIABE",448,448,555,448,11397,39.3085899798193,39.3085899798193,39.3085899798193,39.3085899798193,3,"2020/2021","Jun"
2021-06-01,"AMBOHIMANGA DU SUD",788,788,673,788,22162,35.5563577294468,35.5563577294468,35.5563577294468,35.5563577294468,3,"2020/2021","Jun"
2021-06-01,"AMBOHIMIERA",498,498,706,498,16931,29.4135018604926,29.4135018604926,29.4135018604926,29.4135018604926,3,"2020/2021","Jun"
2021-06-01,"AMPASINAMBO",10,10,159,10,3771,2.65181649429859,2.65181649429859,2.65181649429859,2.65181649429859,3,"2020/2021","Jun"
2021-06-01,"ANALAMPASINA",168,168,350,168,7356,22.8384991843393,22.8384991843393,22.8384991843393,22.8384991843393,3,"2020/2021","Jun"
2021-06-01,"ANDRORANGAVOLA",457,457,655,457,17502,26.1113015655354,26.1113015655354,26.1113015655354,26.1113015655354,3,"2020/2021","Jun"
2021-06-01,"ANTARETRA",1288,1288,623,1288,11857,108.627814792949,108.627814792949,108.627814792949,108.627814792949,3,"2020/2021","Jun"
2021-06-01,"ANTSINDRA",627,627,379,627,7694,81.4920717442163,81.4920717442163,81.4920717442163,81.4920717442163,3,"2020/2021","Jun"
2021-06-01,"FASINTSARA",427,427,394,427,14086,30.3137867386057,30.3137867386057,30.3137867386057,30.3137867386057,3,"2020/2021","Jun"
2021-06-01,"IFANADIANA",547,547,402,547,20690,26.4378927017883,26.4378927017883,26.4378927017883,26.4378927017883,3,"2020/2021","Jun"
2021-06-01,"KELILALINA",337,337,574,337,15122,22.285411982542,22.285411982542,22.285411982542,22.285411982542,3,"2020/2021","Jun"
2021-06-01,"MAROHARATRA",1261,1261,757,1261,14362,87.801141902242,87.801141902242,87.801141902242,87.801141902242,3,"2020/2021","Jun"
2021-06-01,"MAROTOKO",292,292,611,292,8272,35.2998065764023,35.2998065764023,35.2998065764023,35.2998065764023,3,"2020/2021","Jun"
2021-06-01,"RANOMAFANA",55,55,211,55,15775,3.486529318542,3.486529318542,3.486529318542,3.486529318542,3,"2020/2021","Jun"
2021-06-01,"TSARATANANA",1917,1917,1136,1917,29632,64.6935745140389,64.6935745140389,64.6935745140389,64.6935745140389,3,"2020/2021","Jun"
2021-07-01,"AMBIABE",NA,336,477,678,11425,NA,29.3826520111735,41.7592845142968,59.3535674490175,3,"2020/2021","Jul"
2021-07-01,"AMBOHIMANGA DU SUD",NA,336,458,624,22217,NA,15.123905850862,20.6098461475365,28.0914436989539,3,"2020/2021","Jul"
2021-07-01,"AMBOHIMIERA",NA,378,528,739,16973,NA,22.2897673062549,31.117408517441,43.5111653008469,3,"2020/2021","Jul"
2021-07-01,"AMPASINAMBO",NA,52,92,165,3780,NA,13.6861485676009,24.4650263895424,43.7548915467708,3,"2020/2021","Jul"
2021-07-01,"ANALAMPASINA",NA,257,370,534,7374,NA,34.8599699507406,50.2266323989869,72.4022842257005,3,"2020/2021","Jul"
2021-07-01,"ANDRORANGAVOLA",NA,500,681,929,17545,NA,28.5048201520812,38.8375889942899,52.9640125779084,3,"2020/2021","Jul"
2021-07-01,"ANTARETRA",NA,235,315,423,11887,NA,19.7319258491127,26.5039769009701,35.6015327467356,3,"2020/2021","Jul"
2021-07-01,"ANTSINDRA",NA,146,216,319,7713,NA,18.9162282877985,27.9598000952786,41.3378283753432,3,"2020/2021","Jul"
2021-07-01,"FASINTSARA",NA,232,326,460,14122,NA,16.4086385151794,23.1102664562615,32.5519933603824,3,"2020/2021","Jul"
2021-07-01,"IFANADIANA",NA,139,189,256,20739,NA,6.71887098824303,9.1064680148921,12.3415707597308,3,"2020/2021","Jul"
2021-07-01,"KELILALINA",NA,434,571,751,15161,NA,28.6454393857678,37.6772716801907,49.5608715111455,3,"2020/2021","Jul"
2021-07-01,"MAROHARATRA",NA,475,656,905,14399,NA,33.0208676718769,45.5255341799118,62.8588719520298,3,"2020/2021","Jul"
2021-07-01,"MAROTOKO",NA,217,325,488,8292,NA,26.1715379262619,39.2090634970313,58.7999771264974,3,"2020/2021","Jul"
2021-07-01,"RANOMAFANA",NA,133,191,276,15813,NA,8.38040827797644,12.0929675303787,17.4526882461884,3,"2020/2021","Jul"
2021-07-01,"TSARATANANA",NA,848,1105,1441,29708,NA,28.528910822493,37.2011969724207,48.5159291329032,3,"2020/2021","Jul"
2021-08-01,"AMBIABE",NA,87,131,199,11450,NA,7.56534884949393,11.4534340110192,17.3395624734258,3,"2020/2021","Aug"
2021-08-01,"AMBOHIMANGA DU SUD",NA,114,156,214,22265,NA,5.11484338488965,7.01278491477788,9.61618565674856,3,"2020/2021","Aug"
2021-08-01,"AMBOHIMIERA",NA,66,95,138,17006,NA,3.86311451250926,5.59765532231855,8.12311896858622,3,"2020/2021","Aug"
2021-08-01,"AMPASINAMBO",NA,19,33,57,3787,NA,4.9860119713552,8.6923933915428,15.1692797518171,3,"2020/2021","Aug"
2021-08-01,"ANALAMPASINA",NA,63,96,145,7390,NA,8.53427946772292,12.9449279056829,19.6396761263365,3,"2020/2021","Aug"
2021-08-01,"ANDRORANGAVOLA",NA,135,189,265,17583,NA,7.70247899893017,10.7644613017817,15.0553044604774,3,"2020/2021","Aug"
2021-08-01,"ANTARETRA",NA,71,100,140,11913,NA,5.98369650361866,8.3964434374427,11.782248460983,3,"2020/2021","Aug"
2021-08-01,"ANTSINDRA",NA,19,36,69,7727,NA,2.49170206375602,4.71222264392783,8.8970203788136,3,"2020/2021","Aug"
2021-08-01,"FASINTSARA",NA,106,149,208,14150,NA,7.50717451395011,10.5164007057085,14.7336757227903,3,"2020/2021","Aug"
2021-08-01,"IFANADIANA",NA,64,87,117,20785,NA,3.07931418790479,4.16904427318745,5.64468376068534,3,"2020/2021","Aug"
2021-08-01,"KELILALINA",NA,138,184,246,15194,NA,9.07759368724422,12.1255247328117,16.1969762196258,3,"2020/2021","Aug"
2021-08-01,"MAROHARATRA",NA,125,184,269,14429,NA,8.694280697677,12.7332564780057,18.6737201772311,3,"2020/2021","Aug"
2021-08-01,"MAROTOKO",NA,91,131,190,8311,NA,10.8993080992171,15.7671597080507,22.8215964751962,3,"2020/2021","Aug"
2021-08-01,"RANOMAFANA",NA,38,58,87,15848,NA,2.39192168066946,3.63211437164475,5.51653634354276,3,"2020/2021","Aug"
2021-08-01,"TSARATANANA",NA,177,237,317,29772,NA,5.93239728482156,7.95341694585342,10.663024712545,3,"2020/2021","Aug"
2021-09-01,"AMBIABE",NA,106,161,245,11478,NA,9.20542607509465,14.0011317597294,21.3089878409458,3,"2020/2021","Sep"
2021-09-01,"AMBOHIMANGA DU SUD",NA,125,173,239,22321,NA,5.6096430108015,7.754925147468,10.7223084718798,3,"2020/2021","Sep"
2021-09-01,"AMBOHIMIERA",NA,31,47,72,17048,NA,1.8096774979541,2.76157659203821,4.22040944524883,3,"2020/2021","Sep"
2021-09-01,"AMPASINAMBO",NA,26,43,71,3796,NA,6.90557851849276,11.3648919136889,18.7411791404414,3,"2020/2021","Sep"
2021-09-01,"ANALAMPASINA",NA,59,88,132,7408,NA,7.93481329656457,11.8997179173834,17.853136997434,3,"2020/2021","Sep"
2021-09-01,"ANDRORANGAVOLA",NA,165,234,334,17626,NA,9.3379828206506,13.2987702068044,18.9544152895278,3,"2020/2021","Sep"
2021-09-01,"ANTARETRA",NA,69,98,138,11941,NA,5.8158483108136,8.21030216263336,11.5889983574706,3,"2020/2021","Sep"
2021-09-01,"ANTSINDRA",NA,62,93,139,7746,NA,8.04553472766939,12.0186789606452,17.958340473624,3,"2020/2021","Sep"
2021-09-01,"FASINTSARA",NA,63,90,128,14185,NA,4.47073418588329,6.35410659551002,9.02986882387777,3,"2020/2021","Sep"
2021-09-01,"IFANADIANA",NA,54,73,100,20835,NA,2.57791706811615,3.52448277064356,4.81830860656552,3,"2020/2021","Sep"
2021-09-01,"KELILALINA",NA,72,99,136,15230,NA,4.73876197545893,6.49576164018003,8.9033373189381,3,"2020/2021","Sep"
2021-09-01,"MAROHARATRA",NA,54,80,119,14465,NA,3.72775477936512,5.53208981952475,8.22135229627537,3,"2020/2021","Sep"
2021-09-01,"MAROTOKO",NA,88,132,199,8330,NA,10.511167044639,15.8491576774381,23.9226555189134,3,"2020/2021","Sep"
2021-09-01,"RANOMAFANA",NA,33,51,77,15884,NA,2.08267676437219,3.18487238345503,4.87128259028542,3,"2020/2021","Sep"
2021-09-01,"TSARATANANA",NA,158,215,292,29840,NA,5.30099402025503,7.2025433932539,9.78576356217857,3,"2020/2021","Sep"
2021-10-01,"AMBIABE",NA,98,139,197,11503,NA,8.49746581140038,12.0565490917914,17.1086273447515,3,"2020/2021","Oct"
2021-10-01,"AMBOHIMANGA DU SUD",NA,183,243,324,22369,NA,8.17161333977563,10.8748970626821,14.4768423717411,3,"2020/2021","Oct"
2021-10-01,"AMBOHIMIERA",NA,122,173,245,17088,NA,7.11494128855561,10.0986798831096,14.3556384651181,3,"2020/2021","Oct"
2021-10-01,"AMPASINAMBO",NA,25,41,68,3805,NA,6.64427905995805,10.8887345074732,17.868005559495,3,"2020/2021","Oct"
2021-10-01,"ANALAMPASINA",NA,56,83,124,7425,NA,7.51980094396927,11.1973739065975,16.6779557206304,3,"2020/2021","Oct"
2021-10-01,"ANDRORANGAVOLA",NA,145,200,276,17665,NA,8.20990630361845,11.3298277543871,15.6454015379069,3,"2020/2021","Oct"
2021-10-01,"ANTARETRA",NA,114,153,206,11967,NA,9.52890292507593,12.8127589887102,17.2290284716871,3,"2020/2021","Oct"
2021-10-01,"ANTSINDRA",NA,111,159,229,7765,NA,14.2497048583305,20.4830790944885,29.4543299035251,3,"2020/2021","Oct"
2021-10-01,"FASINTSARA",NA,113,155,213,14217,NA,7.95659090244304,10.9111395086928,14.9635101495581,3,"2020/2021","Oct"
2021-10-01,"IFANADIANA",NA,109,146,195,20882,NA,5.20491756471336,6.97912508930594,9.35847535279187,3,"2020/2021","Oct"
2021-10-01,"KELILALINA",NA,110,147,195,15265,NA,7.22501176402691,9.59973117440288,12.7549215844462,3,"2020/2021","Oct"
2021-10-01,"MAROHARATRA",NA,98,137,192,14497,NA,6.72744548702783,9.43697576940193,13.2560465428956,3,"2020/2021","Oct"
2021-10-01,"MAROTOKO",NA,124,180,262,8350,NA,14.8315310212483,21.5735353964935,31.4322133277787,3,"2020/2021","Oct"
2021-10-01,"RANOMAFANA",NA,41,59,85,15922,NA,2.56506777564917,3.69068401019673,5.31056390571887,3,"2020/2021","Oct"
2021-10-01,"TSARATANANA",NA,302,396,520,29908,NA,10.0856024843061,13.237629941426,17.3760786773434,3,"2020/2021","Oct"
2021-11-01,"AMBIABE",NA,234,322,444,11530,NA,20.3283834321827,27.9625903200198,38.4834169584144,3,"2020/2021","Nov"
2021-11-01,"AMBOHIMANGA DU SUD",NA,427,553,716,22420,NA,19.0579718845744,24.6704398656989,31.9469811468568,3,"2020/2021","Nov"
2021-11-01,"AMBOHIMIERA",NA,398,533,715,17125,NA,23.2339852322001,31.1071583742419,41.7270974724196,3,"2020/2021","Nov"
2021-11-01,"AMPASINAMBO",NA,47,68,100,3814,NA,12.3052536830691,17.9430463461881,26.2117703264881,3,"2020/2021","Nov"
2021-11-01,"ANALAMPASINA",NA,149,206,285,7440,NA,20.0320662984766,27.69582218658,38.3144131186802,3,"2020/2021","Nov"
2021-11-01,"ANDRORANGAVOLA",NA,263,348,461,17706,NA,14.8704240983188,19.6670829911227,26.0336483025029,3,"2020/2021","Nov"
2021-11-01,"ANTARETRA",NA,233,308,406,11993,NA,19.4592923034596,25.6693108663802,33.8649366364713,3,"2020/2021","Nov"
2021-11-01,"ANTSINDRA",NA,177,246,340,7782,NA,22.7717663087925,31.5536422405502,43.7366682828598,3,"2020/2021","Nov"
2021-11-01,"FASINTSARA",NA,278,366,481,14250,NA,19.5174576678658,25.6646184633453,33.752365073324,3,"2020/2021","Nov"
2021-11-01,"IFANADIANA",NA,268,354,468,20928,NA,12.7936419684042,16.9178880224073,22.3740448992093,3,"2020/2021","Nov"
2021-11-01,"KELILALINA",NA,233,303,395,15298,NA,15.2132430111284,19.8157297079754,25.8117330962891,3,"2020/2021","Nov"
2021-11-01,"MAROHARATRA",NA,281,377,506,14530,NA,19.3444887073057,25.9395839982841,34.8447337038026,3,"2020/2021","Nov"
2021-11-01,"MAROTOKO",NA,225,314,439,8368,NA,26.8870781882067,37.5395845168412,52.5093376281236,3,"2020/2021","Nov"
2021-11-01,"RANOMAFANA",NA,92,130,183,15957,NA,5.7468040411946,8.12472070079055,11.4925556639876,3,"2020/2021","Nov"
2021-11-01,"TSARATANANA",NA,636,822,1063,29976,NA,21.2335643549427,27.4368764063602,35.4597891145322,3,"2020/2021","Nov"
2021-12-01,"AMBIABE",NA,446,610,835,11555,NA,38.6169981678308,52.8212924798322,72.2891505133988,3,"2020/2021","Dec"
2021-12-01,"AMBOHIMANGA DU SUD",NA,760,982,1269,22471,NA,33.8281351496984,43.7003890030441,56.4736705485691,3,"2020/2021","Dec"
2021-12-01,"AMBOHIMIERA",NA,699,934,1250,17166,NA,40.7229227494838,54.4099228849028,72.8267685327216,3,"2020/2021","Dec"
2021-12-01,"AMPASINAMBO",NA,85,123,179,3823,NA,22.1792737375275,32.175293786653,46.7436569167747,3,"2020/2021","Dec"
2021-12-01,"ANALAMPASINA",NA,196,270,373,7458,NA,26.2945875854362,36.2632922890875,50.0315826016398,3,"2020/2021","Dec"
2021-12-01,"ANDRORANGAVOLA",NA,408,538,710,17746,NA,22.9832520890186,30.3228287025161,40.0365855333827,3,"2020/2021","Dec"
2021-12-01,"ANTARETRA",NA,427,562,740,12020,NA,35.4979292397255,46.7389251476557,61.5467504440455,3,"2020/2021","Dec"
2021-12-01,"ANTSINDRA",NA,270,368,503,7799,NA,34.6035461154929,47.2288289841282,64.4917742471404,3,"2020/2021","Dec"
2021-12-01,"FASINTSARA",NA,408,534,701,14283,NA,28.5350928629788,37.4214321501585,49.0804416727652,3,"2020/2021","Dec"
2021-12-01,"IFANADIANA",NA,343,455,603,20975,NA,16.3698895642183,21.6983294327648,28.7621357352822,3,"2020/2021","Dec"
2021-12-01,"KELILALINA",NA,488,632,819,15333,NA,31.8394398207045,41.240284959026,53.4198561999888,3,"2020/2021","Dec"
2021-12-01,"MAROHARATRA",NA,381,506,673,14561,NA,26.1368449408023,34.7212836957907,46.2005202721388,3,"2020/2021","Dec"
2021-12-01,"MAROTOKO",NA,286,395,548,8388,NA,34.0547351299761,47.1502180627943,65.3847121219028,3,"2020/2021","Dec"
2021-12-01,"RANOMAFANA",NA,205,287,403,15993,NA,12.792155037467,17.9396196849739,25.1721760448108,3,"2020/2021","Dec"
2021-12-01,"TSARATANANA",NA,1084,1395,1795,30043,NA,36.0937144747915,46.4386480144111,59.760674328433,3,"2020/2021","Dec"
2022-01-01,"AMBIABE",NA,826,1117,1509,11584,NA,71.334781385988,96.3870950681668,130.307760499582,3,"2020/2021","Jan"
2022-01-01,"AMBOHIMANGA DU SUD",NA,700,896,1148,22532,NA,31.0808258793707,39.7826964503402,50.9412930786988,3,"2020/2021","Jan"
2022-01-01,"AMBOHIMIERA",NA,765,1011,1340,17212,NA,44.4190385308324,58.7569461112106,77.8782188681386,3,"2020/2021","Jan"
2022-01-01,"AMPASINAMBO",NA,148,207,289,3833,NA,38.663176787792,53.925422953383,75.3468468144448,3,"2020/2021","Jan"
2022-01-01,"ANALAMPASINA",NA,305,413,560,7480,NA,40.7746133170595,55.233878056084,74.8504900795988,3,"2020/2021","Jan"
2022-01-01,"ANDRORANGAVOLA",NA,514,670,873,17792,NA,28.8970218538848,37.6358043489702,49.0604002266837,3,"2020/2021","Jan"
2022-01-01,"ANTARETRA",NA,665,865,1127,12054,NA,55.1632423595913,71.7971472127765,93.4624794756325,3,"2020/2021","Jan"
2022-01-01,"ANTSINDRA",NA,265,358,485,7820,NA,33.8429148238188,45.7865117227397,61.9642889273125,3,"2020/2021","Jan"
2022-01-01,"FASINTSARA",NA,613,791,1022,14321,NA,42.7891766619847,55.2507113283682,71.3530513708748,3,"2020/2021","Jan"
2022-01-01,"IFANADIANA",NA,712,926,1206,21028,NA,33.8388892549376,44.0525519528511,57.3546553128784,3,"2020/2021","Jan"
2022-01-01,"KELILALINA",NA,643,825,1060,15373,NA,41.7943032036707,53.6814236487681,68.952088441655,3,"2020/2021","Jan"
2022-01-01,"MAROHARATRA",NA,469,617,813,14604,NA,32.1162291158264,42.2370167512717,55.6472575699746,3,"2020/2021","Jan"
2022-01-01,"MAROTOKO",NA,396,538,732,8410,NA,47.0312078236079,63.9393262719537,87.0753460855935,3,"2020/2021","Jan"
2022-01-01,"RANOMAFANA",NA,362,487,654,16033,NA,22.5957706143249,30.3461266907008,40.7722068827309,3,"2020/2021","Jan"
2022-01-01,"TSARATANANA",NA,1466,1876,2401,30122,NA,48.6683827419073,62.2722515113646,79.700296398647,3,"2020/2021","Jan"
2022-02-01,"AMBIABE",NA,984,1341,1830,11608,NA,84.7672275493813,115.55330583989,157.632163251022,3,"2020/2021","Feb"
2022-02-01,"AMBOHIMANGA DU SUD",NA,645,827,1061,22571,NA,28.5701809953983,36.6467846496676,47.0248404074702,3,"2020/2021","Feb"
2022-02-01,"AMBOHIMIERA",NA,1033,1371,1822,17241,NA,59.9342050035332,79.4996409751698,105.689967260007,3,"2020/2021","Feb"
2022-02-01,"AMPASINAMBO",NA,208,291,408,3839,NA,54.2414130272103,75.8881702350678,106.344277571192,3,"2020/2021","Feb"
2022-02-01,"ANALAMPASINA",NA,358,481,646,7493,NA,47.7707477252593,64.1625793278239,86.2225507000399,3,"2020/2021","Feb"
2022-02-01,"ANDRORANGAVOLA",NA,612,800,1047,17826,NA,34.3144052989005,44.8812731903795,58.7557922537702,3,"2020/2021","Feb"
2022-02-01,"ANTARETRA",NA,682,891,1164,12078,NA,56.4962026807672,73.7798649480809,96.3629199562166,3,"2020/2021","Feb"
2022-02-01,"ANTSINDRA",NA,283,385,522,7835,NA,36.1655297777902,49.0931060773071,66.6702737930913,3,"2020/2021","Feb"
2022-02-01,"FASINTSARA",NA,692,895,1157,14345,NA,48.2743251044513,62.3912085973868,80.6508700027354,3,"2020/2021","Feb"
2022-02-01,"IFANADIANA",NA,714,932,1215,21073,NA,33.8983276623025,44.2106904420928,57.6626878054003,3,"2020/2021","Feb"
2022-02-01,"KELILALINA",NA,833,1071,1376,15402,NA,54.1102925381484,69.5344955004821,89.3573281370546,3,"2020/2021","Feb"
2022-02-01,"MAROHARATRA",NA,718,943,1243,14629,NA,49.0494366012244,64.4863418320801,84.9394543597898,3,"2020/2021","Feb"
2022-02-01,"MAROTOKO",NA,380,521,714,8426,NA,45.1463682618052,61.80813898038,84.757846717984,3,"2020/2021","Feb"
2022-02-01,"RANOMAFANA",NA,391,526,709,16068,NA,24.3038964749219,32.7430285949615,44.1239908470686,3,"2020/2021","Feb"
2022-02-01,"TSARATANANA",NA,1757,2252,2887,30183,NA,58.2198731461118,74.6148232114635,95.6569607141334,3,"2020/2021","Feb"
2022-03-01,"AMBIABE",NA,724,982,1332,11636,NA,62.210438906442,84.3597436337483,114.451263855884,2,"2021/2022","Mar"
2022-03-01,"AMBOHIMANGA DU SUD",NA,673,862,1105,22625,NA,29.7607404860691,38.1182326009044,48.8439297846708,2,"2021/2022","Mar"
2022-03-01,"AMBOHIMIERA",NA,928,1231,1637,17283,NA,53.6808047634731,71.2240591284123,94.7133900182649,2,"2021/2022","Mar"
2022-03-01,"AMPASINAMBO",NA,303,423,592,3848,NA,78.6635127276995,109.899810877211,153.803789545252,2,"2021/2022","Mar"
2022-03-01,"ANALAMPASINA",NA,384,516,694,7511,NA,51.0843938840403,68.6694566131241,92.3535508659395,2,"2021/2022","Mar"
2022-03-01,"ANDRORANGAVOLA",NA,557,727,951,17867,NA,31.1795242646518,40.7107782848053,53.2108034913912,2,"2021/2022","Mar"
2022-03-01,"ANTARETRA",NA,787,1024,1334,12106,NA,64.971991466021,84.5925700439718,110.153913476062,2,"2021/2022","Mar"
2022-03-01,"ANTSINDRA",NA,277,380,522,7854,NA,35.2068882576206,48.3578359841513,66.4477519426489,2,"2021/2022","Mar"
2022-03-01,"FASINTSARA",NA,870,1125,1456,14381,NA,60.4767532077725,78.2340854347892,101.240852139983,2,"2021/2022","Mar"
2022-03-01,"IFANADIANA",NA,793,1033,1345,21121,NA,37.5353650335364,48.8903465626175,63.6836483458553,2,"2021/2022","Mar"
2022-03-01,"KELILALINA",NA,1200,1541,1978,15438,NA,77.7357321835451,99.7905377606226,128.109360155353,2,"2021/2022","Mar"
2022-03-01,"MAROHARATRA",NA,716,939,1232,14665,NA,48.8324928794506,63.9979556714844,84.043352026438,2,"2021/2022","Mar"
2022-03-01,"MAROTOKO",NA,481,658,901,8446,NA,56.9967993345554,77.9292282039394,106.697726650688,2,"2021/2022","Mar"
2022-03-01,"RANOMAFANA",NA,443,596,802,16104,NA,27.513861385463,37.0072528764375,49.8028043440728,2,"2021/2022","Mar"
2022-03-01,"TSARATANANA",NA,1954,2508,3220,30252,NA,64.5992386826611,82.9111440843541,106.447982782064,2,"2021/2022","Mar"
2022-04-01,"AMBIABE",NA,583,798,1093,11663,NA,49.9971846419427,68.445520530858,93.7392418781214,2,"2021/2022","Apr"
2022-04-01,"AMBOHIMANGA DU SUD",NA,637,829,1081,22682,NA,28.0746664780436,36.5702580928974,47.6556320362649,2,"2021/2022","Apr"
2022-04-01,"AMBOHIMIERA",NA,867,1164,1568,17325,NA,50.0188527514063,67.2101609933987,90.5100973712158,2,"2021/2022","Apr"
2022-04-01,"AMPASINAMBO",NA,200,283,401,3857,NA,51.7556662709186,73.2596395748712,103.912448789387,2,"2021/2022","Apr"
2022-04-01,"ANALAMPASINA",NA,323,440,600,7529,NA,42.9315574972852,58.4980968844318,79.7514831687721,2,"2021/2022","Apr"
2022-04-01,"ANDRORANGAVOLA",NA,493,652,865,17911,NA,27.5097378493339,36.4288186465867,48.2790036283338,2,"2021/2022","Apr"
2022-04-01,"ANTARETRA",NA,639,849,1127,12135,NA,52.6391527383854,69.9274415811125,92.8992446948122,2,"2021/2022","Apr"
2022-04-01,"ANTSINDRA",NA,406,557,765,7873,NA,51.5439073904277,70.7803300768013,97.2290376514189,2,"2021/2022","Apr"
2022-04-01,"FASINTSARA",NA,621,813,1065,14416,NA,43.0446262170187,56.3900259925375,73.9019764070382,2,"2021/2022","Apr"
2022-04-01,"IFANADIANA",NA,574,760,1007,21172,NA,27.1035920591255,35.8970868646927,47.5447200611775,2,"2021/2022","Apr"
2022-04-01,"KELILALINA",NA,672,874,1137,15476,NA,43.4167432073773,56.4855813216266,73.4905279747043,2,"2021/2022","Apr"
2022-04-01,"MAROHARATRA",NA,702,934,1245,14700,NA,47.7634053154927,63.533976269413,84.6684603621004,2,"2021/2022","Apr"
2022-04-01,"MAROTOKO",NA,424,585,807,8466,NA,50.0861440720698,69.0455735488413,95.2976674715865,2,"2021/2022","Apr"
2022-04-01,"RANOMAFANA",NA,292,404,558,16143,NA,18.1082571740078,25.0181230236247,34.588970383602,2,"2021/2022","Apr"
2022-04-01,"TSARATANANA",NA,1424,1844,2390,30324,NA,46.9526369774619,60.8262288080293,78.8218559318093,2,"2021/2022","Apr"
2022-05-01,"AMBIABE",NA,342,469,643,11690,NA,29.2634842544458,40.1029274423223,54.9661432938504,2,"2021/2022","May"
2022-05-01,"AMBOHIMANGA DU SUD",NA,463,597,770,22735,NA,20.3497082187702,26.2545574618295,33.8865008469221,2,"2021/2022","May"
2022-05-01,"AMBOHIMIERA",NA,476,640,863,17366,NA,27.3903976607579,36.8445506058029,49.6666402013357,2,"2021/2022","May"
2022-05-01,"AMPASINAMBO",NA,82,123,184,3866,NA,21.2598927838746,31.738547160735,47.4811243425136,2,"2021/2022","May"
2022-05-01,"ANALAMPASINA",NA,193,264,362,7546,NA,25.5367429012848,34.9781743086886,47.9345200169797,2,"2021/2022","May"
2022-05-01,"ANDRORANGAVOLA",NA,344,458,609,17952,NA,19.1794521890648,25.4916310171277,33.9176199758809,2,"2021/2022","May"
2022-05-01,"ANTARETRA",NA,344,454,598,12163,NA,28.3217429212273,37.3026434754546,49.141052507312,2,"2021/2022","May"
2022-05-01,"ANTSINDRA",NA,299,410,564,7892,NA,37.8479409248362,52.0003043555291,71.4636815785525,2,"2021/2022","May"
2022-05-01,"FASINTSARA",NA,400,520,677,14449,NA,27.6810934398031,36.012462953385,46.8668891603784,2,"2021/2022","May"
2022-05-01,"IFANADIANA",NA,345,452,592,21220,NA,16.2761409438861,21.2997927895834,27.8753483708513,2,"2021/2022","May"
2022-05-01,"KELILALINA",NA,315,407,525,15511,NA,20.3123000239796,26.2239187363033,33.8572367865596,2,"2021/2022","May"
2022-05-01,"MAROHARATRA",NA,510,676,897,14735,NA,34.6106970347455,45.862592602001,60.8937378638285,2,"2021/2022","May"
2022-05-01,"MAROTOKO",NA,298,420,590,8485,NA,35.1722145439592,49.4413518528432,69.5930218408415,2,"2021/2022","May"
2022-05-01,"RANOMAFANA",NA,147,200,272,16180,NA,9.10851906876282,12.375727291009,16.8242051538932,2,"2021/2022","May"
2022-05-01,"TSARATANANA",NA,891,1144,1470,30394,NA,29.3015642460599,37.6436944825324,48.3736835727583,2,"2021/2022","May"
2022-06-01,"AMBIABE",NA,199,274,377,11716,NA,17.0058879688249,23.4053604424661,32.2191028341544,2,"2021/2022","Jun"
2022-06-01,"AMBOHIMANGA DU SUD",NA,253,333,437,22782,NA,11.1218122475511,14.6010149627208,19.1747922674161,2,"2021/2022","Jun"
2022-06-01,"AMBOHIMIERA",NA,233,317,431,17406,NA,13.3995404225766,18.1965657461918,24.7618289968501,2,"2021/2022","Jun"
2022-06-01,"AMPASINAMBO",NA,50,82,134,3875,NA,13.032210503129,21.1760927378623,34.4745539375952,2,"2021/2022","Jun"
2022-06-01,"ANALAMPASINA",NA,127,175,241,7562,NA,16.754186805276,23.1174660727758,31.9124657386818,2,"2021/2022","Jun"
2022-06-01,"ANDRORANGAVOLA",NA,242,324,433,17993,NA,13.4489191485978,17.9879016966217,24.084245752562,2,"2021/2022","Jun"
2022-06-01,"ANTARETRA",NA,234,308,406,12189,NA,19.2082504643785,25.2973642989638,33.3217749500456,2,"2021/2022","Jun"
2022-06-01,"ANTSINDRA",NA,141,197,276,7909,NA,17.8016175936166,24.9237838578548,34.907790249551,2,"2021/2022","Jun"
2022-06-01,"FASINTSARA",NA,146,196,264,14482,NA,10.0818844089772,13.566974694279,18.2596271369283,2,"2021/2022","Jun"
2022-06-01,"IFANADIANA",NA,161,211,278,21269,NA,7.55282045996748,9.93593439381768,13.0713990323364,2,"2021/2022","Jun"
2022-06-01,"KELILALINA",NA,207,267,344,15545,NA,13.2850221874093,17.1559599343238,22.1560297563721,2,"2021/2022","Jun"
2022-06-01,"MAROHARATRA",NA,287,391,533,14764,NA,19.4662873292039,26.4750803609744,36.0732668867049,2,"2021/2022","Jun"
2022-06-01,"MAROTOKO",NA,241,338,476,8505,NA,28.2875762021481,39.7494200472103,55.9399251415111,2,"2021/2022","Jun"
2022-06-01,"RANOMAFANA",NA,72,99,136,16216,NA,4.4128022554703,6.09056353391237,8.41091168772738,2,"2021/2022","Jun"
2022-06-01,"TSARATANANA",NA,447,576,744,30464,NA,14.6599904872789,18.9188236573843,24.4194749001919,2,"2021/2022","Jun"
2022-07-01,"AMBIABE",NA,167,236,335,11745,NA,14.1832757280901,20.1188246897424,28.5425580844407,2,"2021/2022","Jul"
2022-07-01,"AMBOHIMANGA DU SUD",NA,162,220,299,22840,NA,7.0993420642288,9.64533407554908,13.1073603582635,2,"2021/2022","Jul"
2022-07-01,"AMBOHIMIERA",NA,172,239,334,17449,NA,9.84332272099047,13.7046994397601,19.1158467120152,2,"2021/2022","Jul"
2022-07-01,"AMPASINAMBO",NA,25,44,79,3886,NA,6.40674421013742,11.4418711472433,20.4458230901691,2,"2021/2022","Jul"
2022-07-01,"ANALAMPASINA",NA,120,173,249,7581,NA,15.8760291808753,22.8270863621499,32.8407793492885,2,"2021/2022","Jul"
2022-07-01,"ANDRORANGAVOLA",NA,240,326,444,18036,NA,13.305723357117,18.0813300110274,24.5944457396594,2,"2021/2022","Jul"
2022-07-01,"ANTARETRA",NA,117,157,211,12221,NA,9.58724806638922,12.8601948006633,17.2516805524264,2,"2021/2022","Jul"
2022-07-01,"ANTSINDRA",NA,72,107,158,7929,NA,9.11114040033621,13.4523459518261,19.8689245519215,2,"2021/2022","Jul"
2022-07-01,"FASINTSARA",NA,109,153,215,14520,NA,7.4936905288951,10.5406579757153,14.8284038301375,2,"2021/2022","Jul"
2022-07-01,"IFANADIANA",NA,72,97,132,21320,NA,3.37426652397333,4.5690543198687,6.18667024028614,2,"2021/2022","Jul"
2022-07-01,"KELILALINA",NA,210,275,360,15584,NA,13.5000383584104,17.6511294221568,23.0799885321465,2,"2021/2022","Jul"
2022-07-01,"MAROHARATRA",NA,233,321,442,14804,NA,15.7390082739832,21.664580893188,29.8676850215673,2,"2021/2022","Jul"
2022-07-01,"MAROTOKO",NA,111,167,250,8525,NA,13.050550260826,19.5429319091905,29.29601477201,2,"2021/2022","Jul"
2022-07-01,"RANOMAFANA",NA,63,90,130,16255,NA,3.8601639632729,5.5494989212808,7.97975426550253,2,"2021/2022","Jul"
2022-07-01,"TSARATANANA",NA,418,545,709,30540,NA,13.7024115604701,17.83208098804,23.2099342692656,2,"2021/2022","Jul"
2022-08-01,"AMBIABE",NA,118,179,270,11771,NA,10.0374137361208,15.175530811708,22.943971913702,2,"2021/2022","Aug"
2022-08-01,"AMBOHIMANGA DU SUD",NA,159,218,298,22889,NA,6.95096784447596,9.51137663094504,13.0167210113731,2,"2021/2022","Aug"
2022-08-01,"AMBOHIMIERA",NA,86,124,180,17482,NA,4.90251735052507,7.09276636147097,10.2766541695993,2,"2021/2022","Aug"
2022-08-01,"AMPASINAMBO",NA,25,44,76,3893,NA,6.45736984330907,11.2480585925112,19.6096831158962,2,"2021/2022","Aug"
2022-08-01,"ANALAMPASINA",NA,83,126,190,7597,NA,10.9147371497209,16.521819996834,25.0150357913192,2,"2021/2022","Aug"
2022-08-01,"ANDRORANGAVOLA",NA,179,250,349,18074,NA,9.89078797366941,13.805753072866,19.2849555799111,2,"2021/2022","Aug"
2022-08-01,"ANTARETRA",NA,96,135,189,12247,NA,7.83444777722823,10.9869024559872,15.4085181152589,2,"2021/2022","Aug"
2022-08-01,"ANTSINDRA",NA,27,50,95,7946,NA,3.34744156801439,6.32517742649049,11.9319722879243,2,"2021/2022","Aug"
2022-08-01,"FASINTSARA",NA,142,198,277,14546,NA,9.7561783787643,13.6414020995145,19.0762040520458,2,"2021/2022","Aug"
2022-08-01,"IFANADIANA",NA,89,120,162,21366,NA,4.15268629207433,5.61613510423005,7.59575463230147,2,"2021/2022","Aug"
2022-08-01,"KELILALINA",NA,186,248,331,15617,NA,11.8972669574664,15.8694807291644,21.1681422781239,2,"2021/2022","Aug"
2022-08-01,"MAROHARATRA",NA,173,253,371,14834,NA,11.6600752976785,17.0712243764198,25.0278139724426,2,"2021/2022","Aug"
2022-08-01,"MAROTOKO",NA,126,182,263,8542,NA,14.7367441534621,21.3110096155432,30.8348160582294,2,"2021/2022","Aug"
2022-08-01,"RANOMAFANA",NA,50,75,114,16291,NA,3.05249722140338,4.62507876675719,7.00918336471535,2,"2021/2022","Aug"
2022-08-01,"TSARATANANA",NA,241,323,433,30604,NA,7.88708372121515,10.5608094722357,14.1412790519888,2,"2021/2022","Aug"
2022-09-01,"AMBIABE",NA,156,236,360,11798,NA,13.1805837160769,20.0361126720048,30.4764197362367,2,"2021/2022","Sep"
2022-09-01,"AMBOHIMANGA DU SUD",NA,178,246,340,22943,NA,7.77123326446408,10.7361740850839,14.8350038777117,2,"2021/2022","Sep"
2022-09-01,"AMBOHIMIERA",NA,44,66,101,17526,NA,2.48637279380863,3.78992632730996,5.78515032670634,2,"2021/2022","Sep"
2022-09-01,"AMPASINAMBO",NA,36,59,98,3902,NA,9.20935950250691,15.1588693509189,25.0018490700094,2,"2021/2022","Sep"
2022-09-01,"ANALAMPASINA",NA,80,120,180,7614,NA,10.5348231715556,15.7887473285078,23.6741107438668,2,"2021/2022","Sep"
2022-09-01,"ANDRORANGAVOLA",NA,230,327,466,18118,NA,12.6712598922213,18.0544933020177,25.746142136911,2,"2021/2022","Sep"
2022-09-01,"ANTARETRA",NA,99,140,197,12275,NA,8.07332710136868,11.375992887239,16.0276875978211,2,"2021/2022","Sep"
2022-09-01,"ANTSINDRA",NA,90,135,201,7966,NA,11.3140001975724,16.886398172984,25.2101396240434,2,"2021/2022","Sep"
2022-09-01,"FASINTSARA",NA,86,122,173,14581,NA,5.88578781690098,8.35474023179147,11.8581965314032,2,"2021/2022","Sep"
2022-09-01,"IFANADIANA",NA,77,105,144,21416,NA,3.60618200612749,4.92546743829626,6.72700314344175,2,"2021/2022","Sep"
2022-09-01,"KELILALINA",NA,104,143,195,15653,NA,6.65887406395467,9.11946478828206,12.4882936917486,2,"2021/2022","Sep"
2022-09-01,"MAROHARATRA",NA,76,113,168,14869,NA,5.12801071185954,7.60675800050016,11.2993867477544,2,"2021/2022","Sep"
2022-09-01,"MAROTOKO",NA,127,191,288,8563,NA,14.7885256044875,22.2962016055863,33.6488079467846,2,"2021/2022","Sep"
2022-09-01,"RANOMAFANA",NA,46,71,108,16329,NA,2.84377307861176,4.34478985770399,6.63935912568511,2,"2021/2022","Sep"
2022-09-01,"TSARATANANA",NA,226,306,416,30677,NA,7.3566981946155,9.9845106178724,13.5504392081803,2,"2021/2022","Sep"
2022-10-01,"AMBIABE",NA,149,211,299,11826,NA,12.5811549139,17.8352198694189,25.2868446343972,2,"2021/2022","Oct"
2022-10-01,"AMBOHIMANGA DU SUD",NA,267,355,472,22994,NA,11.6259286705115,15.4507470451568,20.5402014733563,2,"2021/2022","Oct"
2022-10-01,"AMBOHIMIERA",NA,183,259,368,17567,NA,10.4071341169818,14.7546646139367,20.9490614604104,2,"2021/2022","Oct"
2022-10-01,"AMPASINAMBO",NA,36,59,97,3911,NA,9.19612930091646,15.0849737467198,24.7804516398228,2,"2021/2022","Oct"
2022-10-01,"ANALAMPASINA",NA,80,118,176,7632,NA,10.4290289284714,15.5199214784422,23.102371591927,2,"2021/2022","Oct"
2022-10-01,"ANDRORANGAVOLA",NA,213,294,406,18157,NA,11.7477443606419,16.2086269876724,22.3786776252506,2,"2021/2022","Oct"
2022-10-01,"ANTARETRA",NA,171,230,309,12304,NA,13.9143034536427,18.6823145032041,25.0856112039983,2,"2021/2022","Oct"
2022-10-01,"ANTSINDRA",NA,166,239,343,7983,NA,20.8182581795413,29.8889116515732,42.9296600092053,2,"2021/2022","Oct"
2022-10-01,"FASINTSARA",NA,159,217,297,14617,NA,10.8520619023092,14.8550686396215,20.3359421709977,2,"2021/2022","Oct"
2022-10-01,"IFANADIANA",NA,166,223,298,21466,NA,7.75459114627914,10.3819080694711,13.8998184771714,2,"2021/2022","Oct"
2022-10-01,"KELILALINA",NA,168,223,296,15689,NA,10.7031958490994,14.2008420653796,18.8417535354578,2,"2021/2022","Oct"
2022-10-01,"MAROHARATRA",NA,141,198,278,14903,NA,9.48428404527857,13.2872014882551,18.6408963796693,2,"2021/2022","Oct"
2022-10-01,"MAROTOKO",NA,187,271,395,8583,NA,21.7338806282106,31.6109680475845,46.0513182327372,2,"2021/2022","Oct"
2022-10-01,"RANOMAFANA",NA,59,85,122,16366,NA,3.5950518761343,5.16951069569795,7.43396303379304,2,"2021/2022","Oct"
2022-10-01,"TSARATANANA",NA,452,593,777,30747,NA,14.7033438192208,19.274694552562,25.2694279770625,2,"2021/2022","Oct"
2022-11-01,"AMBIABE",NA,366,503,692,11852,NA,30.9024516971041,42.4693086525084,58.3969701274682,2,"2021/2022","Nov"
2022-11-01,"AMBOHIMANGA DU SUD",NA,634,819,1058,23047,NA,27.5020377333204,35.5333972523898,45.9270668417307,2,"2021/2022","Nov"
2022-11-01,"AMBOHIMIERA",NA,615,821,1100,17606,NA,34.9046523058669,46.6593344175859,62.4870592573977,2,"2021/2022","Nov"
2022-11-01,"AMPASINAMBO",NA,69,101,148,3920,NA,17.7213435437577,25.8185891959136,37.6897010535018,2,"2021/2022","Nov"
2022-11-01,"ANALAMPASINA",NA,212,293,406,7648,NA,27.7487906157902,38.3534389377315,53.0412683376047,2,"2021/2022","Nov"
2022-11-01,"ANDRORANGAVOLA",NA,399,528,699,18201,NA,21.9377999941441,29.0031193753823,38.3802430333477,2,"2021/2022","Nov"
2022-11-01,"ANTARETRA",NA,368,485,640,12330,NA,29.8372004300918,39.3364336707589,51.8670454700979,2,"2021/2022","Nov"
2022-11-01,"ANTSINDRA",NA,272,376,521,8003,NA,33.9736007234105,47.0156561067632,65.0849075747067,2,"2021/2022","Nov"
2022-11-01,"FASINTSARA",NA,406,533,699,14649,NA,27.7236017820979,36.3773766562575,47.7390205324435,2,"2021/2022","Nov"
2022-11-01,"IFANADIANA",NA,420,555,733,21514,NA,19.5378472180844,25.7908692778022,34.0479101200937,2,"2021/2022","Nov"
2022-11-01,"KELILALINA",NA,363,473,615,15724,NA,23.1103116066525,30.0631511076796,39.1096138335311,2,"2021/2022","Nov"
2022-11-01,"MAROHARATRA",NA,420,562,753,14937,NA,28.1184237784895,37.6250098546343,50.4362346348768,2,"2021/2022","Nov"
2022-11-01,"MAROTOKO",NA,345,482,674,8601,NA,40.1384504815623,56.0144332427375,78.3114843654338,2,"2021/2022","Nov"
2022-11-01,"RANOMAFANA",NA,136,192,272,16403,NA,8.30161059170237,11.7289399316928,16.5789044851672,2,"2021/2022","Nov"
2022-11-01,"TSARATANANA",NA,986,1272,1642,30817,NA,31.9815613847418,41.2741098969941,53.278642175826,2,"2021/2022","Nov"
2022-12-01,"AMBIABE",NA,688,941,1287,11879,NA,57.9262162824603,79.1993979008812,108.349672125175,2,"2021/2022","Dec"
2022-12-01,"AMBOHIMANGA DU SUD",NA,1101,1421,1834,23100,NA,47.6548957380564,61.5002006016909,79.3981141206744,2,"2021/2022","Dec"
2022-12-01,"AMBOHIMIERA",NA,1043,1393,1863,17647,NA,59.1212696478093,78.9333250880691,105.571244247986,2,"2021/2022","Dec"
2022-12-01,"AMPASINAMBO",NA,120,174,252,3929,NA,30.43820808194,44.1876063447711,64.2448327084474,2,"2021/2022","Dec"
2022-12-01,"ANALAMPASINA",NA,272,375,517,7666,NA,35.44435502908,48.8957440627166,67.4789393267569,2,"2021/2022","Dec"
2022-12-01,"ANDRORANGAVOLA",NA,606,799,1056,18241,NA,33.2028884908121,43.8209804721533,57.8824974176327,2,"2021/2022","Dec"
2022-12-01,"ANTARETRA",NA,657,865,1139,12358,NA,53.1577151912306,69.9793100260095,92.1372526181585,2,"2021/2022","Dec"
2022-12-01,"ANTSINDRA",NA,397,542,741,8020,NA,49.5589109378323,67.632552658686,92.3443330029932,2,"2021/2022","Dec"
2022-12-01,"FASINTSARA",NA,580,760,996,14683,NA,39.4961957374485,51.7561026636935,67.8303843526998,2,"2021/2022","Dec"
2022-12-01,"IFANADIANA",NA,523,692,916,21562,NA,24.2520202623845,32.0938632681481,42.4726771525225,2,"2021/2022","Dec"
2022-12-01,"KELILALINA",NA,737,954,1235,15760,NA,46.7697444813475,60.5315244810153,78.347938191355,2,"2021/2022","Dec"
2022-12-01,"MAROHARATRA",NA,539,715,950,14969,NA,35.9975012337142,47.7481751976555,63.4397579663038,2,"2021/2022","Dec"
2022-12-01,"MAROTOKO",NA,429,593,822,8621,NA,49.7208246105188,68.8030070406137,95.3546859567776,2,"2021/2022","Dec"
2022-12-01,"RANOMAFANA",NA,297,416,583,16439,NA,18.0662510329816,25.3141931029688,35.487894913871,2,"2021/2022","Dec"
2022-12-01,"TSARATANANA",NA,1640,2107,2708,30885,NA,53.0956456720831,68.2223833360864,87.6775940718758,2,"2021/2022","Dec"
2023-01-01,"AMBIABE",NA,1338,1805,2436,11908,NA,112.331017962335,151.559336278424,204.597060986742,2,"2021/2022","Jan"
2023-01-01,"AMBOHIMANGA DU SUD",NA,1061,1358,1739,23161,NA,45.7928889863631,58.6228051636605,75.0785667504715,2,"2021/2022","Jan"
2023-01-01,"AMBOHIMIERA",NA,1195,1580,2095,17693,NA,67.5147333030314,89.323483104048,118.410251335513,2,"2021/2022","Jan"
2023-01-01,"AMPASINAMBO",NA,215,299,419,3940,NA,54.4590633967103,76.0029724322493,106.256945958618,2,"2021/2022","Jan"
2023-01-01,"ANALAMPASINA",NA,433,587,796,7688,NA,56.2939710736785,76.321718059439,103.514129130903,2,"2021/2022","Jan"
2023-01-01,"ANDRORANGAVOLA",NA,803,1046,1364,18288,NA,43.8943323516944,57.1927548087206,74.5883442889947,2,"2021/2022","Jan"
2023-01-01,"ANTARETRA",NA,1070,1391,1809,12392,NA,86.3311859928826,112.253057712539,145.981927483089,2,"2021/2022","Jan"
2023-01-01,"ANTSINDRA",NA,409,554,750,8041,NA,50.9161307220349,68.9095701788169,93.2894352818955,2,"2021/2022","Jan"
2023-01-01,"FASINTSARA",NA,901,1164,1504,14722,NA,61.167302710544,79.0541368750317,102.188124378895,2,"2021/2022","Jan"
2023-01-01,"IFANADIANA",NA,1137,1477,1919,21616,NA,52.5827035283509,68.3182402625088,88.7695614593522,2,"2021/2022","Jan"
2023-01-01,"KELILALINA",NA,1016,1305,1677,15801,NA,64.3161147187571,82.6092731342473,106.109645313356,2,"2021/2022","Jan"
2023-01-01,"MAROHARATRA",NA,682,898,1184,15012,NA,45.4506025113376,59.8227824107548,78.8845035224284,2,"2021/2022","Jan"
2023-01-01,"MAROTOKO",NA,616,837,1140,8645,NA,71.2557253687191,96.8378379868558,131.829158464884,2,"2021/2022","Jan"
2023-01-01,"RANOMAFANA",NA,562,754,1013,16481,NA,34.0927140348774,45.7578668467512,61.4359119358496,2,"2021/2022","Jan"
2023-01-01,"TSARATANANA",NA,2309,2953,3777,30967,NA,74.5759926843412,95.3619492034681,121.974917967354,2,"2021/2022","Jan"
2023-02-01,"AMBIABE",NA,1449,1971,2682,11933,NA,121.462390633589,165.155674249129,224.727348148767,2,"2021/2022","Feb"
2023-02-01,"AMBOHIMANGA DU SUD",NA,852,1091,1397,23203,NA,36.7080396171404,47.0078811083687,60.2213290738535,2,"2021/2022","Feb"
2023-02-01,"AMBOHIMIERA",NA,1412,1868,2477,17726,NA,79.6309716085149,105.36970136255,139.732647469549,2,"2021/2022","Feb"
2023-02-01,"AMPASINAMBO",NA,253,353,495,3947,NA,64.0465351683878,89.5336219791022,125.36826286981,2,"2021/2022","Feb"
2023-02-01,"ANALAMPASINA",NA,431,579,778,7702,NA,55.9725585191625,75.1904599870567,101.053087846371,2,"2021/2022","Feb"
2023-02-01,"ANDRORANGAVOLA",NA,874,1142,1492,18323,NA,47.7264965775352,62.3137255493607,81.4373162139073,2,"2021/2022","Feb"
2023-02-01,"ANTARETRA",NA,1011,1318,1719,12416,NA,81.4401067854103,106.191170852398,138.482285354594,2,"2021/2022","Feb"
2023-02-01,"ANTSINDRA",NA,375,508,689,8056,NA,46.514853046624,63.0525586039145,85.5086849492318,2,"2021/2022","Feb"
2023-02-01,"FASINTSARA",NA,865,1115,1439,14748,NA,58.6372927940515,75.6346640087018,97.5732077806966,2,"2021/2022","Feb"
2023-02-01,"IFANADIANA",NA,1040,1354,1763,21662,NA,47.9906786712169,62.4863137016821,81.3651039946377,2,"2021/2022","Feb"
2023-02-01,"KELILALINA",NA,1188,1525,1957,15832,NA,75.0445161160531,96.3235903305091,123.639656067777,2,"2021/2022","Feb"
2023-02-01,"MAROHARATRA",NA,873,1149,1515,15038,NA,58.0614644364968,76.3994682048992,100.714360806295,2,"2021/2022","Feb"
2023-02-01,"MAROTOKO",NA,527,721,987,8661,NA,60.8427369530617,83.2118555279957,113.99971379756,2,"2021/2022","Feb"
2023-02-01,"RANOMAFANA",NA,525,707,953,16516,NA,31.7817407498367,42.8150936373346,57.6913140075238,2,"2021/2022","Feb"
2023-02-01,"TSARATANANA",NA,2454,3139,4017,31030,NA,79.0714724085475,101.153668443206,129.440746555914,2,"2021/2022","Feb"
2023-03-01,"AMBIABE",NA,1076,1456,1971,11962,NA,89.9466564778287,121.709856238722,164.763379501403,1,"2022/2023","Mar"
2023-03-01,"AMBOHIMANGA DU SUD",NA,864,1104,1412,23260,NA,37.1388789005599,47.4709668172582,60.702729684471,1,"2022/2023","Mar"
2023-03-01,"AMBOHIMIERA",NA,1258,1661,2198,17768,NA,70.7759249828177,93.4644583851152,123.682718114984,1,"2022/2023","Mar"
2023-03-01,"AMPASINAMBO",NA,338,471,657,3956,NA,85.5383414375639,119.077505951669,166.062519807648,1,"2022/2023","Mar"
2023-03-01,"ANALAMPASINA",NA,449,602,808,7720,NA,58.1073283681936,77.9622998932102,104.650899401932,1,"2022/2023","Mar"
2023-03-01,"ANDRORANGAVOLA",NA,797,1039,1356,18367,NA,43.4198429763766,56.5868089524571,73.8294462180943,1,"2022/2023","Mar"
2023-03-01,"ANTARETRA",NA,1180,1532,1990,12445,NA,94.7947833396766,123.094097749377,159.86789477384,1,"2022/2023","Mar"
2023-03-01,"ANTSINDRA",NA,358,491,675,8076,NA,44.338784391256,60.8573185443494,83.564843218422,1,"2022/2023","Mar"
2023-03-01,"FASINTSARA",NA,1014,1304,1679,14785,NA,68.5773779053335,88.2290380177515,113.529208651127,1,"2022/2023","Mar"
2023-03-01,"IFANADIANA",NA,1146,1491,1941,21714,NA,52.7587779787352,68.6631723818312,89.3693748778997,1,"2022/2023","Mar"
2023-03-01,"KELILALINA",NA,1679,2153,2760,15870,NA,105.800529027453,135.640093848521,173.904006818814,1,"2022/2023","Mar"
2023-03-01,"MAROHARATRA",NA,807,1059,1391,15076,NA,53.5276713711579,70.2151761360642,92.2850980762381,1,"2022/2023","Mar"
2023-03-01,"MAROTOKO",NA,660,900,1230,8682,NA,75.9727891977997,103.665899122898,141.671268885491,1,"2022/2023","Mar"
2023-03-01,"RANOMAFANA",NA,589,792,1064,16555,NA,35.5780539344499,47.8175211353233,64.2968085179874,1,"2022/2023","Mar"
2023-03-01,"TSARATANANA",NA,2672,3419,4377,31100,NA,85.9240745286912,109.946752348322,140.72764493103,1,"2022/2023","Mar"
2023-04-01,"AMBIABE",NA,826,1118,1513,11990,NA,68.9080552588702,93.2254922645073,126.186362305252,1,"2022/2023","Apr"
2023-04-01,"AMBOHIMANGA DU SUD",NA,797,1023,1314,23314,NA,34.1959018154674,43.8935116271015,56.3657280220167,1,"2022/2023","Apr"
2023-04-01,"AMBOHIMIERA",NA,1160,1537,2040,17811,NA,65.1111987747387,86.2759997652857,114.557391554351,1,"2022/2023","Apr"
2023-04-01,"AMPASINAMBO",NA,225,316,443,3965,NA,56.8041494492521,79.6214908580291,111.839572403211,1,"2022/2023","Apr"
2023-04-01,"ANALAMPASINA",NA,368,496,669,7738,NA,47.5086073210015,64.0828714879831,86.481803760773,1,"2022/2023","Apr"
2023-04-01,"ANDRORANGAVOLA",NA,683,893,1168,18409,NA,37.114438437392,48.5016598675541,63.4447753391536,1,"2022/2023","Apr"
2023-04-01,"ANTARETRA",NA,933,1218,1589,12475,NA,74.8226000803714,97.6185866901034,127.374188343029,1,"2022/2023","Apr"
2023-04-01,"ANTSINDRA",NA,519,703,953,8094,NA,64.1131433782799,86.8722896478761,117.760020210808,1,"2022/2023","Apr"
2023-04-01,"FASINTSARA",NA,729,942,1218,14820,NA,49.2083299826356,63.5880276587857,82.1802953168301,1,"2022/2023","Apr"
2023-04-01,"IFANADIANA",NA,794,1037,1355,21763,NA,36.489417299797,47.6689592922034,62.2763662881389,1,"2022/2023","Apr"
2023-04-01,"KELILALINA",NA,912,1173,1509,15906,NA,57.3225077237057,73.7496943665131,94.8867464782327,1,"2022/2023","Apr"
2023-04-01,"MAROHARATRA",NA,790,1042,1377,15111,NA,52.2509028808445,68.9395815020247,91.1270874114528,1,"2022/2023","Apr"
2023-04-01,"MAROTOKO",NA,547,745,1017,8703,NA,62.85217342506,85.6162188356025,116.822344957064,1,"2022/2023","Apr"
2023-04-01,"RANOMAFANA",NA,389,533,730,16593,NA,23.4598579923508,32.1092147305353,43.9728843846623,1,"2022/2023","Apr"
2023-04-01,"TSARATANANA",NA,1907,2438,3118,31175,NA,61.1585452031141,78.1960265453291,100.008486907634,1,"2022/2023","Apr"
2023-05-01,"AMBIABE",NA,474,648,884,12016,NA,39.4866461718405,53.8898321624467,73.5605601602399,1,"2022/2023","May"
2023-05-01,"AMBOHIMANGA DU SUD",NA,607,781,1005,23370,NA,25.9609189912562,33.4075555103594,43.0091112176443,1,"2022/2023","May"
2023-05-01,"AMBOHIMIERA",NA,667,892,1195,17854,NA,37.3687386630068,49.9732595098284,66.9580488769827,1,"2022/2023","May"
2023-05-01,"AMPASINAMBO",NA,94,140,208,3974,NA,23.6313112957685,35.1262916980656,52.3269757256792,1,"2022/2023","May"
2023-05-01,"ANALAMPASINA",NA,238,325,445,7757,NA,30.6359281172887,41.9087060011903,57.3574100869385,1,"2022/2023","May"
2023-05-01,"ANDRORANGAVOLA",NA,476,630,837,18453,NA,25.7740117319665,34.1673018939943,45.3427531800831,1,"2022/2023","May"
2023-05-01,"ANTARETRA",NA,503,659,864,12505,NA,40.230630964917,52.7137770172,69.0864595252815,1,"2022/2023","May"
2023-05-01,"ANTSINDRA",NA,396,542,742,8114,NA,48.7819682319381,66.7639673030397,91.4003071081425,1,"2022/2023","May"
2023-05-01,"FASINTSARA",NA,491,635,822,14854,NA,33.0823915815964,42.7702427675207,55.3052838207201,1,"2022/2023","May"
2023-05-01,"IFANADIANA",NA,463,603,785,21815,NA,21.236032639812,27.6395475694672,35.9769631471189,1,"2022/2023","May"
2023-05-01,"KELILALINA",NA,417,536,690,15946,NA,26.1618988863017,33.6332473271554,43.239998131914,1,"2022/2023","May"
2023-05-01,"MAROHARATRA",NA,597,789,1045,15148,NA,39.4093973377984,52.0932806246749,68.9961818462006,1,"2022/2023","May"
2023-05-01,"MAROTOKO",NA,379,529,740,8723,NA,43.4617135456142,60.6734903984828,84.8414271265067,1,"2022/2023","May"
2023-05-01,"RANOMAFANA",NA,191,258,349,16632,NA,11.4725271396192,15.5025144619396,20.9587076806796,1,"2022/2023","May"
2023-05-01,"TSARATANANA",NA,1218,1557,1991,31246,NA,38.9783210845037,49.8273175108929,63.713493552179,1,"2022/2023","May"
2023-06-01,"AMBIABE",NA,302,415,571,12044,NA,25.0896888395025,34.4978499120597,47.4422496218928,1,"2022/2023","Jun"
2023-06-01,"AMBOHIMANGA DU SUD",NA,365,479,630,23420,NA,15.5900273592823,20.4700478658595,26.8865240388289,1,"2022/2023","Jun"
2023-06-01,"AMBOHIMIERA",NA,364,493,668,17893,NA,20.3548143988109,27.5490408398099,37.3563826102403,1,"2022/2023","Jun"
2023-06-01,"AMPASINAMBO",NA,61,99,161,3983,NA,15.3548830403281,24.8728798044349,40.3733767218254,1,"2022/2023","Jun"
2023-06-01,"ANALAMPASINA",NA,175,241,333,7774,NA,22.5152559686129,31.0417898962806,42.8182957735308,1,"2022/2023","Jun"
2023-06-01,"ANDRORANGAVOLA",NA,358,480,643,18495,NA,19.378786432827,25.9512919352984,34.7880687462235,1,"2022/2023","Jun"
2023-06-01,"ANTARETRA",NA,368,485,639,12532,NA,29.3646724058143,38.6928329909885,50.9915757567933,1,"2022/2023","Jun"
2023-06-01,"ANTSINDRA",NA,203,284,397,8131,NA,24.9899602264322,34.9426067254034,48.8736191167563,1,"2022/2023","Jun"
2023-06-01,"FASINTSARA",NA,197,265,355,14888,NA,13.2400243309466,17.7771154182585,23.8709556238352,1,"2022/2023","Jun"
2023-06-01,"IFANADIANA",NA,239,314,412,21864,NA,10.9505090564527,14.3730928502534,18.8660003228111,1,"2022/2023","Jun"
2023-06-01,"KELILALINA",NA,302,389,502,15981,NA,18.8901503553473,24.3500848328497,31.3894447068493,1,"2022/2023","Jun"
2023-06-01,"MAROHARATRA",NA,366,497,676,15179,NA,24.0814410501467,32.7169957357201,44.5295389989959,1,"2022/2023","Jun"
2023-06-01,"MAROTOKO",NA,322,452,635,8741,NA,36.8632221271706,51.7067335384133,72.6430360647338,1,"2022/2023","Jun"
2023-06-01,"RANOMAFANA",NA,104,144,197,16669,NA,6.26180601153966,8.60994972173085,11.8443471303232,1,"2022/2023","Jun"
2023-06-01,"TSARATANANA",NA,667,860,1108,31318,NA,21.2922257433155,27.4495757021387,35.3948253287914,1,"2022/2023","Jun"
2023-07-01,"AMBIABE",NA,258,366,519,12075,NA,21.3474960430511,30.286761507311,42.9732391516366,1,"2022/2023","Jul"
2023-07-01,"AMBOHIMANGA DU SUD",NA,239,324,441,23480,NA,10.1625427783386,13.8118157937257,18.7752802719785,1,"2022/2023","Jul"
2023-07-01,"AMBOHIMIERA",NA,270,375,522,17937,NA,15.0403412770046,20.9029397254183,29.0972424565893,1,"2022/2023","Jul"
2023-07-01,"AMPASINAMBO",NA,34,61,108,3994,NA,8.529676766839,15.2174385422497,27.1625510496195,1,"2022/2023","Jul"
2023-07-01,"ANALAMPASINA",NA,184,264,380,7792,NA,23.6125163931451,33.9052070047,48.7070556663479,1,"2022/2023","Jul"
2023-07-01,"ANDRORANGAVOLA",NA,368,501,683,18541,NA,19.867412284755,27.0391085616241,36.8302211589803,1,"2022/2023","Jul"
2023-07-01,"ANTARETRA",NA,181,243,325,12564,NA,14.3887385097009,19.3040369592085,25.8996716894395,1,"2022/2023","Jul"
2023-07-01,"ANTSINDRA",NA,109,160,237,8151,NA,13.3173603667742,19.6724449191881,29.0690548349177,1,"2022/2023","Jul"
2023-07-01,"FASINTSARA",NA,159,224,315,14925,NA,10.674878885511,15.0186766989894,21.1315105349207,1,"2022/2023","Jul"
2023-07-01,"IFANADIANA",NA,111,150,204,21917,NA,5.06531403842472,6.86220934752491,9.29601763147723,1,"2022/2023","Jul"
2023-07-01,"KELILALINA",NA,311,407,532,16020,NA,19.4412658962969,25.4157282848441,33.2278118498342,1,"2022/2023","Jul"
2023-07-01,"MAROHARATRA",NA,332,458,633,15220,NA,21.8408577508631,30.1081447888842,41.5684131581964,1,"2022/2023","Jul"
2023-07-01,"MAROTOKO",NA,162,243,365,8764,NA,18.5229371047459,27.7457946006643,41.6019691859471,1,"2022/2023","Jul"
2023-07-01,"RANOMAFANA",NA,95,136,195,16711,NA,5.65501798134009,8.12853331150105,11.6855771815654,1,"2022/2023","Jul"
2023-07-01,"TSARATANANA",NA,636,828,1078,31394,NA,20.2737366046803,26.3875620386468,34.3496177409802,1,"2022/2023","Jul"
2023-08-01,"AMBIABE",NA,178,269,408,12100,NA,14.7025120617811,22.2562575001991,33.6878778767382,1,"2022/2023","Aug"
2023-08-01,"AMBOHIMANGA DU SUD",NA,225,309,424,23532,NA,9.56668632227863,13.1211655823485,17.9983717578987,1,"2022/2023","Aug"
2023-08-01,"AMBOHIMIERA",NA,128,185,268,17975,NA,7.11678547811018,10.2980922468691,14.9221007860899,1,"2022/2023","Aug"
2023-08-01,"AMPASINAMBO",NA,34,60,104,4003,NA,8.56053469643657,14.9175406520769,26.0177173171929,1,"2022/2023","Aug"
2023-08-01,"ANALAMPASINA",NA,123,186,283,7807,NA,15.7297748976609,23.8605310553736,36.2001689434044,1,"2022/2023","Aug"
2023-08-01,"ANDRORANGAVOLA",NA,260,364,509,18581,NA,14.0037626512351,19.5739876540554,27.3780031598141,1,"2022/2023","Aug"
2023-08-01,"ANTARETRA",NA,142,199,279,12590,NA,11.2473700554875,15.7983719919456,22.1913280471892,1,"2022/2023","Aug"
2023-08-01,"ANTSINDRA",NA,40,76,143,8169,NA,4.89139797762767,9.26186975545322,17.5063092903059,1,"2022/2023","Aug"
2023-08-01,"FASINTSARA",NA,205,287,402,14955,NA,13.7197971000574,19.2107222688228,26.901605617148,1,"2022/2023","Aug"
2023-08-01,"IFANADIANA",NA,135,182,247,21965,NA,6.12402327041479,8.29626470300766,11.239570961288,1,"2022/2023","Aug"
2023-08-01,"KELILALINA",NA,267,357,478,16054,NA,16.6313980433127,22.241434414548,29.7440005706162,1,"2022/2023","Aug"
2023-08-01,"MAROHARATRA",NA,242,356,523,15249,NA,15.9008419087376,23.3345795665013,34.2893367105463,1,"2022/2023","Aug"
2023-08-01,"MAROTOKO",NA,179,260,376,8783,NA,20.3930971636115,29.5507814209664,42.8450561962292,1,"2022/2023","Aug"
2023-08-01,"RANOMAFANA",NA,72,109,166,16748,NA,4.30431749656359,6.53773022605056,9.93140179358038,1,"2022/2023","Aug"
2023-08-01,"TSARATANANA",NA,355,477,640,31459,NA,11.2967718643654,15.155974574648,20.3342063874027,1,"2022/2023","Aug"
2023-09-01,"AMBIABE",NA,235,358,546,12129,NA,19.3886424906408,29.5262839256456,44.9823765104627,1,"2022/2023","Sep"
2023-09-01,"AMBOHIMANGA DU SUD",NA,268,372,515,23588,NA,11.3679816424638,15.7608125062539,21.8537483429599,1,"2022/2023","Sep"
2023-09-01,"AMBOHIMIERA",NA,66,101,155,18020,NA,3.68017121230359,5.61945261101675,8.59236508993495,1,"2022/2023","Sep"
2023-09-01,"AMPASINAMBO",NA,53,87,143,4012,NA,13.1286811284518,21.6347458836138,35.720066296486,1,"2022/2023","Sep"
2023-09-01,"ANALAMPASINA",NA,128,192,288,7828,NA,16.3005951398191,24.4821858385804,36.7805210866485,1,"2022/2023","Sep"
2023-09-01,"ANDRORANGAVOLA",NA,332,474,676,18626,NA,17.8295831235788,25.4237883230311,36.2782914075984,1,"2022/2023","Sep"
2023-09-01,"ANTARETRA",NA,148,209,295,12621,NA,11.7307531252919,16.5694348944721,23.3996642648573,1,"2022/2023","Sep"
2023-09-01,"ANTSINDRA",NA,140,209,313,8189,NA,17.0361980155046,25.5053737212276,38.1922373988386,1,"2022/2023","Sep"
2023-09-01,"FASINTSARA",NA,131,186,265,14991,NA,8.73097453354183,12.4140227130567,17.6478976146689,1,"2022/2023","Sep"
2023-09-01,"IFANADIANA",NA,118,162,222,22017,NA,5.38112534847905,7.3710368827514,10.0956762923937,1,"2022/2023","Sep"
2023-09-01,"KELILALINA",NA,154,211,290,16094,NA,9.53949186691225,13.1139768215406,18.0256508802676,1,"2022/2023","Sep"
2023-09-01,"MAROHARATRA",NA,112,167,249,15288,NA,7.32530887464491,10.9101288835892,16.2717900674546,1,"2022/2023","Sep"
2023-09-01,"MAROTOKO",NA,179,271,410,8804,NA,20.3838700752834,30.8124195982136,46.6221057361583,1,"2022/2023","Sep"
2023-09-01,"RANOMAFANA",NA,67,103,158,16786,NA,4.01341054576747,6.14496795002345,9.40921035050426,1,"2022/2023","Sep"
2023-09-01,"TSARATANANA",NA,338,460,626,31535,NA,10.7126792513853,14.586408153304,19.8600719957484,1,"2022/2023","Sep"
2023-10-01,"AMBIABE",NA,213,303,430,12157,NA,17.5601116196099,24.9316553104467,35.3996600841869,1,"2022/2023","Oct"
2023-10-01,"AMBOHIMANGA DU SUD",NA,382,509,677,23640,NA,16.1641409592178,21.5169145349034,28.6511346303839,1,"2022/2023","Oct"
2023-10-01,"AMBOHIMIERA",NA,258,367,522,18057,NA,14.3006114146258,20.312781818205,28.8944617327317,1,"2022/2023","Oct"
2023-10-01,"AMPASINAMBO",NA,51,83,137,4021,NA,12.6385828567828,20.7618514181337,34.1593328014848,1,"2022/2023","Oct"
2023-10-01,"ANALAMPASINA",NA,120,179,267,7845,NA,15.2766673041071,22.7795223225354,33.9745855112809,1,"2022/2023","Oct"
2023-10-01,"ANDRORANGAVOLA",NA,287,397,549,18668,NA,15.3847143472074,21.2648670333816,29.4114926542434,1,"2022/2023","Oct"
2023-10-01,"ANTARETRA",NA,238,319,429,12648,NA,18.7899229869712,25.2543934155161,33.9443894088639,1,"2022/2023","Oct"
2023-10-01,"ANTSINDRA",NA,238,342,492,8206,NA,29.0203406582673,41.7046495149614,59.9544390733938,1,"2022/2023","Oct"
2023-10-01,"FASINTSARA",NA,228,312,427,15026,NA,15.1404777871521,20.7515539439847,28.4430264344018,1,"2022/2023","Oct"
2023-10-01,"IFANADIANA",NA,236,316,424,22066,NA,10.6829574025586,14.3246684295732,19.2080249256161,1,"2022/2023","Oct"
2023-10-01,"KELILALINA",NA,236,313,416,16129,NA,14.6020944111432,19.418093334786,25.822524320067,1,"2022/2023","Oct"
2023-10-01,"MAROHARATRA",NA,193,271,382,15321,NA,12.613804511549,17.7173579921054,24.9206624874253,1,"2022/2023","Oct"
2023-10-01,"MAROTOKO",NA,249,363,529,8823,NA,28.2347717600761,41.1062686244159,59.9389670530273,1,"2022/2023","Oct"
2023-10-01,"RANOMAFANA",NA,82,118,170,16825,NA,4.86936125411256,7.01832241230474,10.1162136801973,1,"2022/2023","Oct"
2023-10-01,"TSARATANANA",NA,631,829,1089,31606,NA,19.9557585470171,26.2222205835681,34.4598385355492,1,"2022/2023","Oct"
2023-11-01,"AMBIABE",NA,486,668,917,12183,NA,39.9093668751607,54.8040150211423,75.2931226661314,1,"2022/2023","Nov"
2023-11-01,"AMBOHIMANGA DU SUD",NA,867,1120,1447,23695,NA,36.5724500614239,47.2473479793276,61.0610043659872,1,"2022/2023","Nov"
2023-11-01,"AMBOHIMIERA",NA,813,1087,1457,18101,NA,44.8912809077483,60.0593471893461,80.5080865368156,1,"2022/2023","Nov"
2023-11-01,"AMPASINAMBO",NA,96,141,206,4030,NA,23.9203610737751,34.9019710958027,51.0325477958046,1,"2022/2023","Nov"
2023-11-01,"ANALAMPASINA",NA,304,421,582,7861,NA,38.722970854569,53.5362203914644,74.0592218618869,1,"2022/2023","Nov"
2023-11-01,"ANDRORANGAVOLA",NA,516,683,903,18711,NA,27.5888654081169,36.4806625801427,48.2827800369775,1,"2022/2023","Nov"
2023-11-01,"ANTARETRA",NA,482,635,838,12678,NA,38.0001199793102,50.1029265442812,66.0684661163561,1,"2022/2023","Nov"
2023-11-01,"ANTSINDRA",NA,370,512,709,8226,NA,44.9417400306787,62.2118440678274,86.1448227394274,1,"2022/2023","Nov"
2023-11-01,"FASINTSARA",NA,551,723,950,15059,NA,36.5891457558311,48.0288100124144,63.0529657362415,1,"2022/2023","Nov"
2023-11-01,"IFANADIANA",NA,556,734,969,22118,NA,25.1421232092728,33.1863290972096,43.8083945598516,1,"2022/2023","Nov"
2023-11-01,"KELILALINA",NA,483,629,818,16167,NA,29.9024198262432,38.8958309552123,50.5966392601188,1,"2022/2023","Nov"
2023-11-01,"MAROHARATRA",NA,542,726,974,15357,NA,35.2693485769273,47.2641023401464,63.4542964709541,1,"2022/2023","Nov"
2023-11-01,"MAROTOKO",NA,452,630,881,8843,NA,51.0789939342601,71.259733511488,99.5850674431893,1,"2022/2023","Nov"
2023-11-01,"RANOMAFANA",NA,178,252,356,16863,NA,10.5536283912099,14.9187911969118,21.1004335272969,1,"2022/2023","Nov"
2023-11-01,"TSARATANANA",NA,1299,1678,2167,31679,NA,41.0074181926211,52.9545008350023,68.3983402382003,1,"2022/2023","Nov"
2023-12-01,"AMBIABE",NA,972,1328,1815,12211,NA,79.6339994248998,108.783760394899,148.668783148376,1,"2022/2023","Dec"
2023-12-01,"AMBOHIMANGA DU SUD",NA,1619,2091,2701,23749,NA,68.1839725232068,88.0432880545193,113.730138782067,1,"2022/2023","Dec"
2023-12-01,"AMBOHIMIERA",NA,1492,1995,2673,18142,NA,82.2477046785023,109.980941765994,147.327527866775,1,"2022/2023","Dec"
2023-12-01,"AMPASINAMBO",NA,183,265,384,4039,NA,45.2277236046573,65.5660536407788,95.1801749459425,1,"2022/2023","Dec"
2023-12-01,"ANALAMPASINA",NA,407,561,774,7879,NA,51.6266424172595,71.1876652647266,98.1963702378265,1,"2022/2023","Dec"
2023-12-01,"ANDRORANGAVOLA",NA,855,1130,1494,18753,NA,45.5745148898472,60.2325260602651,79.6650217725396,1,"2022/2023","Dec"
2023-12-01,"ANTARETRA",NA,919,1211,1597,12706,NA,72.3274710696305,95.3269997889003,125.65535052986,1,"2022/2023","Dec"
2023-12-01,"ANTSINDRA",NA,566,773,1057,8244,NA,68.6614866843531,93.8089321714645,128.228347645785,1,"2022/2023","Dec"
2023-12-01,"FASINTSARA",NA,845,1107,1450,15095,NA,55.9643575453683,73.3067075004017,96.0332881565017,1,"2022/2023","Dec"
2023-12-01,"IFANADIANA",NA,741,981,1299,22167,NA,33.4401577494885,44.2732477782298,58.6155751175422,1,"2022/2023","Dec"
2023-12-01,"KELILALINA",NA,1067,1381,1788,16203,NA,65.8332217608228,85.2309870935745,110.348230217822,1,"2022/2023","Dec"
2023-12-01,"MAROHARATRA",NA,756,1004,1338,15390,NA,49.0975764362079,65.268307424297,86.907767692905,1,"2022/2023","Dec"
2023-12-01,"MAROTOKO",NA,617,855,1186,8863,NA,69.6048829859054,96.436883222013,133.806165057842,1,"2022/2023","Dec"
2023-12-01,"RANOMAFANA",NA,422,592,831,16901,NA,24.9638444756004,35.0356195653847,49.1929994726171,1,"2022/2023","Dec"
2023-12-01,"TSARATANANA",NA,2313,2975,3827,31747,NA,72.8729630843017,93.7200154658271,120.557836787917,1,"2022/2023","Dec"
2024-01-01,"AMBIABE",NA,1900,2567,3468,12242,NA,155.24160099958,209.676500801966,283.307450542156,1,"2022/2023","Jan"
2024-01-01,"AMBOHIMANGA DU SUD",NA,1586,2040,2624,23813,NA,66.6186941297412,85.6595488187375,110.186450636242,1,"2022/2023","Jan"
2024-01-01,"AMBOHIMIERA",NA,1693,2252,3001,18189,NA,93.0973646652908,123.812152807546,164.979568904814,1,"2022/2023","Jan"
2024-01-01,"AMPASINAMBO",NA,317,443,619,4051,NA,78.2140077567142,109.242188556443,152.830442575004,1,"2022/2023","Jan"
2024-01-01,"ANALAMPASINA",NA,638,867,1177,7902,NA,80.7380218807854,109.66533150134,149.00814650752,1,"2022/2023","Jan"
2024-01-01,"ANDRORANGAVOLA",NA,1113,1456,1906,18801,NA,59.2032172568398,77.4388111495714,101.375463723876,1,"2022/2023","Jan"
2024-01-01,"ANTARETRA",NA,1464,1909,2492,12740,NA,114.878523537446,149.881795815671,195.580446827239,1,"2022/2023","Jan"
2024-01-01,"ANTSINDRA",NA,577,784,1065,8266,NA,69.8303150149032,94.8365319535381,128.831104194378,1,"2022/2023","Jan"
2024-01-01,"FASINTSARA",NA,1318,1708,2214,15134,NA,87.0609246510236,112.856416442361,146.315403259794,1,"2022/2023","Jan"
2024-01-01,"IFANADIANA",NA,1608,2095,2730,22221,NA,72.3713136631217,94.2955944220786,122.866799530747,1,"2022/2023","Jan"
2024-01-01,"KELILALINA",NA,1487,1914,2463,16245,NA,91.5402238332511,117.811657797478,151.626345672415,1,"2022/2023","Jan"
2024-01-01,"MAROHARATRA",NA,972,1286,1703,15433,NA,63.0062298881817,83.3207902010084,110.379249613152,1,"2022/2023","Jan"
2024-01-01,"MAROTOKO",NA,916,1250,1708,8888,NA,103.046655772522,140.63221975869,192.222363525098,1,"2022/2023","Jan"
2024-01-01,"RANOMAFANA",NA,781,1052,1418,16944,NA,46.0858653561002,62.0889640043017,83.6782831957453,1,"2022/2023","Jan"
2024-01-01,"TSARATANANA",NA,3277,4209,5406,31832,NA,102.960224939425,132.210014851983,169.816949127026,1,"2022/2023","Jan"
2024-02-01,"AMBIABE",NA,1844,2506,3406,12267,NA,150.355395893413,204.271841517336,277.694882640181,1,"2022/2023","Feb"
2024-02-01,"AMBOHIMANGA DU SUD",NA,1104,1415,1816,23856,NA,46.2593423544349,59.3304586020582,76.1258128541903,1,"2022/2023","Feb"
2024-02-01,"AMBOHIMIERA",NA,1725,2290,3047,18224,NA,94.6321292628859,125.654510206617,167.205972184244,1,"2022/2023","Feb"
2024-02-01,"AMPASINAMBO",NA,330,462,648,4058,NA,81.4439918102369,113.925056652901,159.608864988075,1,"2022/2023","Feb"
2024-02-01,"ANALAMPASINA",NA,544,730,981,7917,NA,68.7006545250964,92.2554739710269,123.944336764319,1,"2022/2023","Feb"
2024-02-01,"ANDRORANGAVOLA",NA,1066,1394,1825,18838,NA,56.5714197486539,74.0062714947498,96.8978321535147,1,"2022/2023","Feb"
2024-02-01,"ANTARETRA",NA,1206,1576,2060,12764,NA,94.4940956834499,123.469882537602,161.356630744529,1,"2022/2023","Feb"
2024-02-01,"ANTSINDRA",NA,461,626,850,8282,NA,55.6652076730939,75.5829643238176,102.672389117671,1,"2022/2023","Feb"
2024-02-01,"FASINTSARA",NA,1086,1401,1809,15160,NA,71.621565923853,92.4324349576829,119.307734758213,1,"2022/2023","Feb"
2024-02-01,"IFANADIANA",NA,1312,1710,2230,22268,NA,58.9174921227373,76.8116067203975,100.14790901611,1,"2022/2023","Feb"
2024-02-01,"KELILALINA",NA,1590,2043,2626,16277,NA,97.6745932849116,125.52701250454,161.328426210842,1,"2022/2023","Feb"
2024-02-01,"MAROHARATRA",NA,1090,1436,1896,15460,NA,70.4758179641051,92.8833609372619,122.635905863537,1,"2022/2023","Feb"
2024-02-01,"MAROTOKO",NA,702,961,1317,8906,NA,78.8214890223314,107.879369749704,147.887393960776,1,"2022/2023","Feb"
2024-02-01,"RANOMAFANA",NA,662,894,1206,16979,NA,38.9918220814466,52.6291011100619,71.0542267467234,1,"2022/2023","Feb"
2024-02-01,"TSARATANANA",NA,3135,4018,5152,31897,NA,98.2799442703644,125.967651112202,161.50559105257,1,"2022/2023","Feb"
2024-03-01,"AMBIABE",NA,1501,2029,2743,12296,NA,122.086115238268,165.012538669905,223.111821012344,0,"Saison en cours","Mar"
2024-03-01,"AMBOHIMANGA DU SUD",NA,1256,1607,2058,23913,NA,52.5101090969032,67.2030744481989,86.0461928458536,0,"Saison en cours","Mar"
2024-03-01,"AMBOHIMIERA",NA,1659,2198,2920,18267,NA,90.8007706646925,120.346606373754,159.84707000303,0,"Saison en cours","Mar"
2024-03-01,"AMPASINAMBO",NA,423,590,825,4067,NA,103.923969518921,145.062859264281,202.827090970025,0,"Saison en cours","Mar"
2024-03-01,"ANALAMPASINA",NA,603,809,1086,7935,NA,75.9369847996485,101.923648360711,136.86178970106,0,"Saison en cours","Mar"
2024-03-01,"ANDRORANGAVOLA",NA,1046,1364,1780,18883,NA,55.4195818977734,72.2376313396554,94.2552688521376,0,"Saison en cours","Mar"
2024-03-01,"ANTARETRA",NA,1504,1954,2541,12794,NA,117.529641940924,152.760910909813,198.585685051931,0,"Saison en cours","Mar"
2024-03-01,"ANTSINDRA",NA,477,655,900,8302,NA,57.4071624740784,78.858085039023,108.365594850418,0,"Saison en cours","Mar"
2024-03-01,"FASINTSARA",NA,1406,1811,2333,15198,NA,92.492627268561,119.142714497348,153.497385315077,0,"Saison en cours","Mar"
2024-03-01,"IFANADIANA",NA,1587,2065,2688,22321,NA,71.0819682543716,92.5099368707722,120.405295915767,0,"Saison en cours","Mar"
2024-03-01,"KELILALINA",NA,2477,3176,4072,16315,NA,151.851533230805,194.672439146715,249.584274629412,0,"Saison en cours","Mar"
2024-03-01,"MAROHARATRA",NA,1132,1488,1959,15498,NA,73.042607218728,95.9931984777117,126.394571436777,0,"Saison en cours","Mar"
2024-03-01,"MAROTOKO",NA,921,1255,1713,8927,NA,103.120733539708,140.551800980924,191.870288557308,0,"Saison en cours","Mar"
2024-03-01,"RANOMAFANA",NA,800,1075,1445,17020,NA,47.0281225570882,63.1784880691801,84.9183589637842,0,"Saison en cours","Mar"
2024-03-01,"TSARATANANA",NA,3725,4767,6103,31971,NA,116.510795629081,149.103550743965,190.878670706571,0,"Saison en cours","Mar"
2024-04-01,"AMBIABE",NA,1084,1464,1978,12325,NA,87.9505461048026,118.779341811616,160.485229892972,0,"Saison en cours","Apr"
2024-04-01,"AMBOHIMANGA DU SUD",NA,1084,1390,1782,23969,NA,45.2347668386496,57.979408745971,74.3495266388956,0,"Saison en cours","Apr"
2024-04-01,"AMBOHIMIERA",NA,1381,1834,2439,18310,NA,75.4296185205543,100.141764678837,133.231838788442,0,"Saison en cours","Apr"
2024-04-01,"AMPASINAMBO",NA,263,369,519,4076,NA,64.6057875067085,90.6381280350641,127.418791638523,0,"Saison en cours","Apr"
2024-04-01,"ANALAMPASINA",NA,454,611,822,7955,NA,57.0384833677574,76.7725588132578,103.387041061702,0,"Saison en cours","Apr"
2024-04-01,"ANDRORANGAVOLA",NA,822,1075,1406,18926,NA,43.4560235345437,56.7892838403038,74.2825304291711,0,"Saison en cours","Apr"
2024-04-01,"ANTARETRA",NA,1111,1449,1890,12823,NA,86.6488204701965,112.991797515758,147.358311365098,0,"Saison en cours","Apr"
2024-04-01,"ANTSINDRA",NA,625,844,1138,8322,NA,75.1591107058765,101.377137220019,136.797447185134,0,"Saison en cours","Apr"
2024-04-01,"FASINTSARA",NA,958,1237,1598,15234,NA,62.9038835219337,81.227781088699,104.905814281661,0,"Saison en cours","Apr"
2024-04-01,"IFANADIANA",NA,1047,1369,1789,22372,NA,46.8137602353453,61.1749274568341,79.9441005139781,0,"Saison en cours","Apr"
2024-04-01,"KELILALINA",NA,1298,1672,2154,16352,NA,79.349685752366,102.23660526046,131.730539071246,0,"Saison en cours","Apr"
2024-04-01,"MAROHARATRA",NA,1042,1373,1813,15533,NA,67.0839530879014,88.4110701593756,116.724696722726,0,"Saison en cours","Apr"
2024-04-01,"MAROTOKO",NA,702,956,1305,8948,NA,78.4470287043779,106.865687156853,145.828348814799,0,"Saison en cours","Apr"
2024-04-01,"RANOMAFANA",NA,483,661,906,17058,NA,28.3316781848628,38.7780319145634,53.1077629883795,0,"Saison en cours","Apr"
2024-04-01,"TSARATANANA",NA,2455,3134,4002,32047,NA,76.6153210754389,97.8037882677561,124.890593512191,0,"Saison en cours","Apr"
2024-05-01,"AMBIABE",NA,636,868,1186,12354,NA,51.4538183113895,70.2756903471203,96.0035410905327,0,"Saison en cours","May"
2024-05-01,"AMBOHIMANGA DU SUD",NA,841,1083,1395,24025,NA,34.995722254914,45.059789608192,58.0440769178302,0,"Saison en cours","May"
2024-05-01,"AMBOHIMIERA",NA,781,1049,1411,18352,NA,42.5799151370817,57.1518885571239,76.8671761057076,0,"Saison en cours","May"
2024-05-01,"AMPASINAMBO",NA,113,168,252,4087,NA,27.6176212714039,41.1872973894237,61.5565781201844,0,"Saison en cours","May"
2024-05-01,"ANALAMPASINA",NA,292,400,548,7973,NA,36.5683537401137,50.1294716708252,68.7523582173274,0,"Saison en cours","May"
2024-05-01,"ANDRORANGAVOLA",NA,569,757,1009,18973,NA,29.9916821507989,39.9107967632311,53.1688223887874,0,"Saison en cours","May"
2024-05-01,"ANTARETRA",NA,589,773,1015,12856,NA,45.7882764053442,60.1156164813699,78.9400508372582,0,"Saison en cours","May"
2024-05-01,"ANTSINDRA",NA,469,643,881,8340,NA,56.2435386980243,77.0674851103455,105.631175380545,0,"Saison en cours","May"
2024-05-01,"FASINTSARA",NA,646,837,1086,15270,NA,42.3106324353826,54.8447105951596,71.1071783072795,0,"Saison en cours","May"
2024-05-01,"IFANADIANA",NA,627,818,1069,22425,NA,27.9440584401569,36.4886834594602,47.6487731572912,0,"Saison en cours","May"
2024-05-01,"KELILALINA",NA,605,781,1007,16393,NA,36.9144923355356,47.6255210691273,61.4475190509902,0,"Saison en cours","May"
2024-05-01,"MAROHARATRA",NA,786,1043,1386,15571,NA,50.4838233422816,66.9828366975082,89.0365215074094,0,"Saison en cours","May"
2024-05-01,"MAROTOKO",NA,483,677,950,8968,NA,53.8514648451093,75.4499429622027,105.900240841009,0,"Saison en cours","May"
2024-05-01,"RANOMAFANA",NA,242,328,445,17099,NA,14.1770271212172,19.2017353709459,26.02070451161,0,"Saison en cours","May"
2024-05-01,"TSARATANANA",NA,1515,1939,2482,32121,NA,47.1566341776554,60.3523333339956,77.2607869745675,0,"Saison en cours","May"
2024-06-01,"AMBIABE",NA,396,545,751,12381,NA,31.9576847856362,44.010070715123,60.6218741427972,0,"Saison en cours","Jun"
2024-06-01,"AMBOHIMANGA DU SUD",NA,497,652,857,24079,NA,20.6388828011878,27.0928070575366,35.5772908362667,0,"Saison en cours","Jun"
2024-06-01,"AMBOHIMIERA",NA,421,571,778,18394,NA,22.8764871038482,31.0693519089924,42.280399715467,0,"Saison en cours","Jun"
2024-06-01,"AMPASINAMBO",NA,79,128,210,4096,NA,19.2062030488494,31.3132989468224,51.1507438324268,0,"Saison en cours","Jun"
2024-06-01,"ANALAMPASINA",NA,211,292,404,7992,NA,26.4510079984437,36.5410523939993,50.5034489117237,0,"Saison en cours","Jun"
2024-06-01,"ANDRORANGAVOLA",NA,437,587,790,19014,NA,22.9625450005992,30.8673877011966,41.5382848750338,0,"Saison en cours","Jun"
2024-06-01,"ANTARETRA",NA,426,561,739,12883,NA,33.0838559908358,43.5623987103742,57.3671327863157,0,"Saison en cours","Jun"
2024-06-01,"ANTSINDRA",NA,240,336,471,8360,NA,28.7331496754431,40.2206454718813,56.3179496949958,0,"Saison en cours","Jun"
2024-06-01,"FASINTSARA",NA,271,369,502,15303,NA,17.7305997698527,24.1057133627203,32.7804625073029,0,"Saison en cours","Jun"
2024-06-01,"IFANADIANA",NA,315,415,546,22475,NA,14.0233049582752,18.4491375635367,24.2727622287487,0,"Saison en cours","Jun"
2024-06-01,"KELILALINA",NA,426,552,715,16430,NA,25.9252063078473,33.5760884075662,43.4875905194794,0,"Saison en cours","Jun"
2024-06-01,"MAROHARATRA",NA,483,660,904,15605,NA,30.9565504994381,42.320386966345,57.9449827556296,0,"Saison en cours","Jun"
2024-06-01,"MAROTOKO",NA,434,612,865,8988,NA,48.25197166703,68.0974089205205,96.2784321088005,0,"Saison en cours","Jun"
2024-06-01,"RANOMAFANA",NA,131,180,248,17136,NA,7.62467095333276,10.5002101352605,14.4681561822381,0,"Saison en cours","Jun"
2024-06-01,"TSARATANANA",NA,810,1044,1346,32193,NA,25.1665964958358,32.4294191051445,41.7969145444524,0,"Saison en cours","Jun"
2024-07-01,"AMBIABE",NA,355,505,719,12412,NA,28.5828207697173,40.7014155067163,57.9661175655763,0,"Saison en cours","Jul"
2024-07-01,"AMBOHIMANGA DU SUD",NA,329,447,610,24137,NA,13.6098877122899,18.5374412512335,25.2550316719679,0,"Saison en cours","Jul"
2024-07-01,"AMBOHIMIERA",NA,331,462,646,18440,NA,17.9536561320796,25.0520734029463,35.0161972194258,0,"Saison en cours","Jul"
2024-07-01,"AMPASINAMBO",NA,41,73,131,4105,NA,9.9606566746703,17.8224377395809,31.9058344324471,0,"Saison en cours","Jul"
2024-07-01,"ANALAMPASINA",NA,221,318,458,8012,NA,27.6163650603912,39.717227671503,57.1496501252383,0,"Saison en cours","Jul"
2024-07-01,"ANDRORANGAVOLA",NA,473,648,889,19060,NA,24.8098319877627,34.0027402013706,46.6434165463085,0,"Saison en cours","Jul"
2024-07-01,"ANTARETRA",NA,221,298,401,12914,NA,17.1349506840977,23.0676372387112,31.0574547433615,0,"Saison en cours","Jul"
2024-07-01,"ANTSINDRA",NA,128,189,280,8381,NA,15.2386795794545,22.5736321964041,33.4483449890671,0,"Saison en cours","Jul"
2024-07-01,"FASINTSARA",NA,200,282,398,15341,NA,13.0553476728279,18.4059064428344,25.9532243773557,0,"Saison en cours","Jul"
2024-07-01,"IFANADIANA",NA,151,205,279,22529,NA,6.68105077429085,9.08885476146979,12.3639792488736,0,"Saison en cours","Jul"
2024-07-01,"KELILALINA",NA,457,601,789,16468,NA,27.7638208860563,36.4742187820816,47.9207104854441,0,"Saison en cours","Jul"
2024-07-01,"MAROHARATRA",NA,410,567,786,15644,NA,26.2181780006524,36.2699841779379,50.2494901314254,0,"Saison en cours","Jul"
2024-07-01,"MAROTOKO",NA,223,336,507,9010,NA,24.7562498878127,37.2910553396973,56.2372880074874,0,"Saison en cours","Jul"
2024-07-01,"RANOMAFANA",NA,128,184,266,17179,NA,7.45896306539675,10.7384155587551,15.4620740054333,0,"Saison en cours","Jul"
2024-07-01,"TSARATANANA",NA,811,1058,1379,32271,NA,25.1447317942216,32.7736390329585,42.7237287477564,0,"Saison en cours","Jul"
2024-08-01,"AMBIABE",NA,235,356,539,12440,NA,18.8727737523339,28.6011754449449,43.3459296487027,0,"Saison en cours","Aug"
2024-08-01,"AMBOHIMANGA DU SUD",NA,293,402,552,24189,NA,12.0929850169276,16.6088110489532,22.8147550794848,0,"Saison en cours","Aug"
2024-08-01,"AMBOHIMIERA",NA,155,225,327,18478,NA,8.41196590009125,12.1963822228816,17.7094738652441,0,"Saison en cours","Aug"
2024-08-01,"AMPASINAMBO",NA,40,70,122,4114,NA,9.70981612864352,16.9550187600681,29.6363704579051,0,"Saison en cours","Aug"
2024-08-01,"ANALAMPASINA",NA,144,219,332,8027,NA,17.9364146058654,27.2311648984203,41.3540847310775,0,"Saison en cours","Aug"
2024-08-01,"ANDRORANGAVOLA",NA,327,460,647,19101,NA,17.1196611615317,24.0712029319145,33.872013746948,0,"Saison en cours","Aug"
2024-08-01,"ANTARETRA",NA,173,243,343,12942,NA,13.3321267776872,18.7968865809703,26.5050452112949,0,"Saison en cours","Aug"
2024-08-01,"ANTSINDRA",NA,45,85,161,8398,NA,5.36397604200933,10.1555540904358,19.1966494114608,0,"Saison en cours","Aug"
2024-08-01,"FASINTSARA",NA,245,344,482,15373,NA,15.9425220861027,22.355494885158,31.3549054647475,0,"Saison en cours","Aug"
2024-08-01,"IFANADIANA",NA,174,237,322,22581,NA,7.70477462664904,10.4768075904143,14.2474018562319,0,"Saison en cours","Aug"
2024-08-01,"KELILALINA",NA,376,504,676,16505,NA,22.7887476280137,30.5534812547248,40.9666400445076,0,"Saison en cours","Aug"
2024-08-01,"MAROHARATRA",NA,288,423,622,15675,NA,18.3564414457407,26.9778930913382,39.7027127421406,0,"Saison en cours","Aug"
2024-08-01,"MAROTOKO",NA,236,343,499,9029,NA,26.0959269833742,37.9512613956908,55.2250510319504,0,"Saison en cours","Aug"
2024-08-01,"RANOMAFANA",NA,96,145,221,17218,NA,5.56086979318259,8.44590717180222,12.831411960229,0,"Saison en cours","Aug"
2024-08-01,"TSARATANANA",NA,439,590,793,32341,NA,13.5705705219449,18.2420071907465,24.5226472989011,0,"Saison en cours","Aug"
2024-09-01,"AMBIABE",NA,310,471,718,12468,NA,24.8260420420957,37.7962054104826,57.57102996413,0,"Saison en cours","Sep"
2024-09-01,"AMBOHIMANGA DU SUD",NA,353,490,680,24247,NA,14.57039855657,20.2053064565501,28.0245669361975,0,"Saison en cours","Sep"
2024-09-01,"AMBOHIMIERA",NA,82,125,192,18521,NA,4.43101585174788,6.76886837351494,10.3545933768646,0,"Saison en cours","Sep"
2024-09-01,"AMPASINAMBO",NA,64,106,175,4125,NA,15.5759163090599,25.7102577954482,42.5192632279012,0,"Saison en cours","Sep"
2024-09-01,"ANALAMPASINA",NA,153,230,346,8047,NA,19.0624181807143,28.624415157085,42.9983620721518,0,"Saison en cours","Sep"
2024-09-01,"ANDRORANGAVOLA",NA,424,607,869,19147,NA,22.1430183929868,31.6886227097435,45.3860292549442,0,"Saison en cours","Sep"
2024-09-01,"ANTARETRA",NA,182,257,363,12974,NA,14.0050643027826,19.7944964747438,27.9736221732897,0,"Saison en cours","Sep"
2024-09-01,"ANTSINDRA",NA,162,242,363,8418,NA,19.2341155487099,28.7955442533702,43.1203507513427,0,"Saison en cours","Sep"
2024-09-01,"FASINTSARA",NA,167,238,339,15410,NA,10.8586656678516,15.4624051672251,22.0154486857683,0,"Saison en cours","Sep"
2024-09-01,"IFANADIANA",NA,150,206,282,22633,NA,6.62614967018995,9.08538299115864,12.4565782289679,0,"Saison en cours","Sep"
2024-09-01,"KELILALINA",NA,216,297,408,16545,NA,13.0459270562493,17.9381341491391,24.6631093205511,0,"Saison en cours","Sep"
2024-09-01,"MAROHARATRA",NA,140,208,311,15715,NA,8.89705715306551,13.2529300782151,19.7677509301305,0,"Saison en cours","Sep"
2024-09-01,"MAROTOKO",NA,237,358,542,9051,NA,26.1685087389044,39.5556580618018,59.8528290951499,0,"Saison en cours","Sep"
2024-09-01,"RANOMAFANA",NA,92,142,217,17257,NA,5.35604734613719,8.20353932388244,12.5670234560948,0,"Saison en cours","Sep"
2024-09-01,"TSARATANANA",NA,424,578,788,32418,NA,13.0824332018647,17.8336035116177,24.3095481147443,0,"Saison en cours","Sep"
2024-10-01,"AMBIABE",NA,297,423,602,12497,NA,23.7971867329619,33.8582068146629,48.1747821339127,0,"Saison en cours","Oct"
2024-10-01,"AMBOHIMANGA DU SUD",NA,539,721,965,24301,NA,22.1927737579376,29.6834644195157,39.715319740607,0,"Saison en cours","Oct"
2024-10-01,"AMBOHIMIERA",NA,352,501,716,18564,NA,18.9563585665591,27.0136032038071,38.548691554321,0,"Saison en cours","Oct"
2024-10-01,"AMPASINAMBO",NA,70,115,190,4134,NA,16.933640308084,27.8500346900072,45.8543187749674,0,"Saison en cours","Oct"
2024-10-01,"ANALAMPASINA",NA,162,242,362,8066,NA,20.0939610962754,30.0399979497106,44.9129959386656,0,"Saison en cours","Oct"
2024-10-01,"ANDRORANGAVOLA",NA,393,547,762,19190,NA,20.4939899630494,28.5229398528486,39.7215942231085,0,"Saison en cours","Oct"
2024-10-01,"ANTARETRA",NA,312,422,570,13003,NA,23.9750462412541,32.4307602589968,43.8703372114089,0,"Saison en cours","Oct"
2024-10-01,"ANTSINDRA",NA,307,443,639,8438,NA,36.3887150251117,52.4676312306333,75.6770657406489,0,"Saison en cours","Oct"
2024-10-01,"FASINTSARA",NA,325,447,616,15444,NA,21.0162547989416,28.9521059601636,39.8857006524509,0,"Saison en cours","Oct"
2024-10-01,"IFANADIANA",NA,313,422,568,22685,NA,13.8174993509672,18.5978800469719,25.0322182133927,0,"Saison en cours","Oct"
2024-10-01,"KELILALINA",NA,352,470,628,16583,NA,21.2503523809508,28.3652792484322,37.8618291176484,0,"Saison en cours","Oct"
2024-10-01,"MAROHARATRA",NA,274,386,544,15748,NA,17.3786904958272,24.48680317567,34.5464424606516,0,"Saison en cours","Oct"
2024-10-01,"MAROTOKO",NA,344,502,734,9070,NA,37.8778034424012,55.3352440576682,80.9691539802969,0,"Saison en cours","Oct"
2024-10-01,"RANOMAFANA",NA,121,175,253,17297,NA,6.96980998458575,10.0899597666616,14.6064409735078,0,"Saison en cours","Oct"
2024-10-01,"TSARATANANA",NA,861,1137,1502,32491,NA,26.492378972771,34.9901441686821,46.218171804484,0,"Saison en cours","Oct"
2024-11-01,"AMBIABE",NA,658,904,1243,12525,NA,52.5121807138822,72.1785554822976,99.2605569451487,0,"Saison en cours","Nov"
2024-11-01,"AMBOHIMANGA DU SUD",NA,1191,1543,2001,24356,NA,48.8856211297028,63.3605119243438,82.154757169853,0,"Saison en cours","Nov"
2024-11-01,"AMBOHIMIERA",NA,1061,1424,1914,18606,NA,57.0243598780267,76.5218582184288,102.883644444735,0,"Saison en cours","Nov"
2024-11-01,"AMPASINAMBO",NA,126,184,270,4143,NA,30.4337347818089,44.4580156251454,65.0631282003386,0,"Saison en cours","Nov"
2024-11-01,"ANALAMPASINA",NA,409,566,785,8084,NA,50.5361469951454,70.0463364146646,97.140655135869,0,"Saison en cours","Nov"
2024-11-01,"ANDRORANGAVOLA",NA,670,891,1187,19234,NA,34.8263734043369,46.3427807240583,61.7229541922321,0,"Saison en cours","Nov"
2024-11-01,"ANTARETRA",NA,604,801,1062,13032,NA,46.3708449231043,61.4714386638319,81.5006036200236,0,"Saison en cours","Nov"
2024-11-01,"ANTSINDRA",NA,469,652,904,8456,NA,55.5177171935261,77.0468088522824,106.958663402343,0,"Saison en cours","Nov"
2024-11-01,"FASINTSARA",NA,776,1023,1348,15479,NA,50.1199341501205,66.0670926188365,87.100593462344,0,"Saison en cours","Nov"
2024-11-01,"IFANADIANA",NA,710,939,1244,22735,NA,31.2095202319371,41.323700026389,54.7220765983676,0,"Saison en cours","Nov"
2024-11-01,"KELILALINA",NA,688,898,1173,16620,NA,41.4179457830789,54.0586977405885,70.5612235200033,0,"Saison en cours","Nov"
2024-11-01,"MAROHARATRA",NA,766,1029,1383,15786,NA,48.5464650478699,65.1554074170496,87.604829264914,0,"Saison en cours","Nov"
2024-11-01,"MAROTOKO",NA,580,812,1139,9091,NA,63.7766712570218,89.2912558924355,125.237520336409,0,"Saison en cours","Nov"
2024-11-01,"RANOMAFANA",NA,253,358,507,17336,NA,14.5828903387414,20.6562113316286,29.2732050431255,0,"Saison en cours","Nov"
2024-11-01,"TSARATANANA",NA,1720,2227,2884,32566,NA,52.8137481620463,68.3818043576866,88.5596441829467,0,"Saison en cours","Nov"
2024-12-01,"AMBIABE",NA,1304,1786,2447,12554,NA,103.896380251412,142.264981422456,194.893606345768,0,"Saison en cours","Dec"
2024-12-01,"AMBOHIMANGA DU SUD",NA,2217,2874,3728,24412,NA,90.8105469891602,117.739975459219,152.714650159355,0,"Saison en cours","Dec"
2024-12-01,"AMBOHIMIERA",NA,1953,2623,3528,18648,NA,104.751493950566,140.650932496019,189.199479978422,0,"Saison en cours","Dec"
2024-12-01,"AMPASINAMBO",NA,242,352,512,4152,NA,58.2555345920291,84.7150843378982,123.347891815663,0,"Saison en cours","Dec"
2024-12-01,"ANALAMPASINA",NA,566,784,1087,8102,NA,69.8244075109546,96.7503081354142,134.1052646227,0,"Saison en cours","Dec"
2024-12-01,"ANDRORANGAVOLA",NA,1096,1456,1937,19277,NA,56.8538803526834,75.5508492911141,100.470833917377,0,"Saison en cours","Dec"
2024-12-01,"ANTARETRA",NA,1147,1517,2007,13061,NA,87.8297570635391,116.161092777528,153.649787971336,0,"Saison en cours","Dec"
2024-12-01,"ANTSINDRA",NA,756,1037,1423,8476,NA,89.1927372899282,122.358698179948,167.932287807233,0,"Saison en cours","Dec"
2024-12-01,"FASINTSARA",NA,1191,1568,2065,15516,NA,76.7435696701114,101.06319554293,133.104602331731,0,"Saison en cours","Dec"
2024-12-01,"IFANADIANA",NA,958,1272,1691,22788,NA,42.0198135475313,55.8347974415747,74.1924445410487,0,"Saison en cours","Dec"
2024-12-01,"KELILALINA",NA,1482,1926,2504,16658,NA,88.958554274462,115.625401909412,150.290685395442,0,"Saison en cours","Dec"
2024-12-01,"MAROHARATRA",NA,1082,1442,1925,15820,NA,68.4140239033901,91.1766779129398,121.712095679443,0,"Saison en cours","Dec"
2024-12-01,"MAROTOKO",NA,777,1078,1500,9111,NA,85.2269423809283,118.37162714883,164.637260740273,0,"Saison en cours","Dec"
2024-12-01,"RANOMAFANA",NA,588,828,1166,17375,NA,33.8360766968646,47.637430455004,67.0977881180865,0,"Saison en cours","Dec"
2024-12-01,"TSARATANANA",NA,3126,4036,5212,32637,NA,95.7806422816331,123.656237077906,159.681563058859,0,"Saison en cours","Dec"
2025-01-01,"AMBIABE",NA,2240,3022,4079,12585,NA,177.968787019541,240.11720914579,324.141415580109,0,"Saison en cours","Jan"
2025-01-01,"AMBOHIMANGA DU SUD",NA,1816,2333,2998,24477,NA,74.1997641853464,95.3117280105721,122.481423132982,0,"Saison en cours","Jan"
2025-01-01,"AMBOHIMIERA",NA,1877,2494,3321,18698,NA,100.37830034567,133.386437761708,177.630956896554,0,"Saison en cours","Jan"
2025-01-01,"AMPASINAMBO",NA,372,520,729,4164,NA,89.2651878727707,124.876374444331,174.984819102604,0,"Saison en cours","Jan"
2025-01-01,"ANALAMPASINA",NA,754,1023,1388,8125,NA,92.8048988944945,125.885900343527,170.82878131463,0,"Saison en cours","Jan"
2025-01-01,"ANDRORANGAVOLA",NA,1324,1733,2270,19326,NA,68.5044929309598,89.6677762790463,117.470907786423,0,"Saison en cours","Jan"
2025-01-01,"ANTARETRA",NA,1694,2211,2886,13095,NA,129.390047032262,168.841043437071,220.359064628584,0,"Saison en cours","Jan"
2025-01-01,"ANTSINDRA",NA,676,919,1249,8498,NA,79.6000984239896,108.134175806526,146.942031726024,0,"Saison en cours","Jan"
2025-01-01,"FASINTSARA",NA,1585,2056,2667,15558,NA,101.862346067618,132.131925664736,171.420773033288,0,"Saison en cours","Jan"
2025-01-01,"IFANADIANA",NA,1864,2430,3168,22844,NA,81.5829579238606,106.362418514046,138.681560464026,0,"Saison en cours","Jan"
2025-01-01,"KELILALINA",NA,1732,2228,2867,16700,NA,103.706551246715,133.422631479439,171.658316059543,0,"Saison en cours","Jan"
2025-01-01,"MAROHARATRA",NA,1201,1584,2094,15865,NA,75.6939921245411,99.8590461059484,131.975065640986,0,"Saison en cours","Jan"
2025-01-01,"MAROTOKO",NA,1027,1398,1906,9137,NA,112.363172234179,152.99867703386,208.647820737517,0,"Saison en cours","Jan"
2025-01-01,"RANOMAFANA",NA,953,1283,1727,17418,NA,54.7116057336413,73.6367931051784,99.1485940410479,0,"Saison en cours","Jan"
2025-01-01,"TSARATANANA",NA,3961,5080,6518,32724,NA,121.031839453763,155.240613701961,199.179636817943,0,"Saison en cours","Jan"
2025-02-01,"AMBIABE",NA,2533,3455,4716,12611,NA,200.853509698453,273.967830022738,373.934090645656,0,"Saison en cours","Feb"
2025-02-01,"AMBOHIMANGA DU SUD",NA,1605,2067,2662,24524,NA,65.4581990610654,84.2816937570382,108.563640131999,0,"Saison en cours","Feb"
2025-02-01,"AMBOHIMIERA",NA,2436,3255,4359,18734,NA,130.057253538029,173.751797165221,232.699162943117,0,"Saison en cours","Feb"
2025-02-01,"AMPASINAMBO",NA,469,658,924,4173,NA,112.377914916132,157.66869669223,221.537749897617,0,"Saison en cours","Feb"
2025-02-01,"ANALAMPASINA",NA,802,1078,1449,8139,NA,98.5208560304097,132.412935156297,178.053013064507,0,"Saison en cours","Feb"
2025-02-01,"ANDRORANGAVOLA",NA,1534,2023,2669,19367,NA,79.2213325661681,104.44540609715,137.81688150354,0,"Saison en cours","Feb"
2025-02-01,"ANTARETRA",NA,1719,2261,2974,13121,NA,131.030334140853,172.321821394126,226.648802403437,0,"Saison en cours","Feb"
2025-02-01,"ANTSINDRA",NA,672,918,1253,8514,NA,78.9598865186773,107.791875933499,147.209109608742,0,"Saison en cours","Feb"
2025-02-01,"FASINTSARA",NA,1667,2160,2800,15584,NA,106.971548214289,138.625910998266,179.673750656689,0,"Saison en cours","Feb"
2025-02-01,"IFANADIANA",NA,1849,2426,3184,22892,NA,80.7547983088444,105.978341686825,139.083685759928,0,"Saison en cours","Feb"
2025-02-01,"KELILALINA",NA,2128,2752,3559,16735,NA,127.162544954934,164.452193552094,212.678822434289,0,"Saison en cours","Feb"
2025-02-01,"MAROHARATRA",NA,1701,2247,2974,15892,NA,107.029903989271,141.399790164401,187.145078079713,0,"Saison en cours","Feb"
2025-02-01,"MAROTOKO",NA,949,1306,1800,9155,NA,103.625682735425,142.624416914565,196.603825479938,0,"Saison en cours","Feb"
2025-02-01,"RANOMAFANA",NA,982,1329,1800,17454,NA,56.2421925980468,76.1511637067645,103.131223756526,0,"Saison en cours","Feb"
2025-02-01,"TSARATANANA",NA,4700,6061,7817,32790,NA,143.341917465439,184.828364720511,238.40035246926,0,"Saison en cours","Feb"
